activity_date,rep_id,logged_in_minutes,available_minutes,on_call_minutes,meeting_minutes,admin_minutes,after_hours_work_minutes
2026-01-01,SDR01,400,162,135,9,43,29
2026-01-01,SDR02,382,160,172,10,22,18
2026-01-01,SDR03,408,200,109,28,52,18
2026-01-01,SDR04,401,146,156,13,73,0
2026-01-01,AE01,468,187,194,74,20,1
2026-01-01,AE02,294,89,77,41,89,23
2026-01-01,AE03,450,98,168,54,97,0
2026-01-01,AE04,397,92,193,25,102,48
2026-01-01,AE05,451,146,188,68,20,0
2026-01-01,AE06,450,188,186,34,22,6
2026-01-01,AE07,409,123,138,45,68,13
2026-01-01,AE08,436,123,128,59,110,0
2026-01-01,AE09,373,111,100,34,114,6
2026-01-01,KAM01,409,98,100,67,97,33
2026-01-01,KAM02,385,147,93,49,42,51
2026-01-01,KAM03,464,102,71,78,193,28
2026-01-01,KAM04,431,112,98,29,173,34
2026-01-01,KAM05,356,144,74,35,68,38
2026-01-02,SDR01,409,134,94,7,126,34
2026-01-02,SDR02,397,180,166,21,20,35
2026-01-02,SDR03,400,220,100,15,20,27
2026-01-02,SDR04,391,188,156,5,29,33
2026-01-02,AE01,433,156,100,65,60,0
2026-01-02,AE02,375,172,146,30,20,0
2026-01-02,AE03,427,163,151,54,47,26
2026-01-02,AE04,413,114,198,27,55,0
2026-01-02,AE05,393,83,164,45,80,24
2026-01-02,AE06,506,131,131,43,159,0
2026-01-02,AE07,435,168,198,41,20,19
2026-01-02,AE08,439,131,170,41,50,2
2026-01-02,AE09,441,89,110,66,133,43
2026-01-02,KAM01,410,108,106,27,142,22
2026-01-02,KAM02,424,141,41,32,169,0
2026-01-02,KAM03,371,107,78,62,121,17
2026-01-02,KAM04,418,136,90,31,116,36
2026-01-02,KAM05,384,116,60,23,144,0
2026-01-05,SDR01,449,226,148,6,20,20
2026-01-05,SDR02,511,204,224,30,20,0
2026-01-05,SDR03,446,143,163,32,89,2
2026-01-05,SDR04,493,191,133,11,125,15
2026-01-05,AE01,474,188,216,72,20,25
2026-01-05,AE02,402,109,116,62,101,46
2026-01-05,AE03,397,101,120,37,91,8
2026-01-05,AE04,409,98,115,54,114,14
2026-01-05,AE05,441,183,193,28,20,0
2026-01-05,AE06,408,88,98,32,159,0
2026-01-05,AE07,368,83,80,54,126,27
2026-01-05,AE08,410,80,96,26,175,0
2026-01-05,AE09,503,103,139,50,163,25
2026-01-05,KAM01,450,118,55,54,179,33
2026-01-05,KAM02,382,151,46,42,133,23
2026-01-05,KAM03,379,107,90,51,101,10
2026-01-05,KAM04,396,96,86,46,138,3
2026-01-05,KAM05,367,82,57,31,174,13
2026-01-06,SDR01,365,166,167,22,20,37
2026-01-06,SDR02,423,154,130,6,96,23
2026-01-06,SDR03,468,147,152,34,96,6
2026-01-06,SDR04,493,204,200,7,72,32
2026-01-06,AE01,426,149,179,67,20,49
2026-01-06,AE02,352,141,149,31,20,0
2026-01-06,AE03,377,148,147,41,20,17
2026-01-06,AE04,432,72,128,32,187,28
2026-01-06,AE05,402,96,119,38,115,17
2026-01-06,AE06,437,84,100,30,192,14
2026-01-06,AE07,462,164,169,77,20,3
2026-01-06,AE08,375,148,78,32,95,9
2026-01-06,AE09,511,206,174,65,49,0
2026-01-06,KAM01,367,124,74,24,112,0
2026-01-06,KAM02,411,118,81,50,137,26
2026-01-06,KAM03,456,105,55,41,264,31
2026-01-06,KAM04,361,71,57,47,162,34
2026-01-06,KAM05,416,115,49,52,181,8
2026-01-07,SDR01,440,233,125,20,26,4
2026-01-07,SDR02,424,211,108,7,82,32
2026-01-07,SDR03,432,211,200,9,20,9
2026-01-07,SDR04,423,197,179,29,20,46
2026-01-07,AE01,415,104,103,32,145,35
2026-01-07,AE02,365,93,99,60,120,10
2026-01-07,AE03,455,142,134,71,68,3
2026-01-07,AE04,342,68,100,48,104,29
2026-01-07,AE05,455,125,137,62,86,22
2026-01-07,AE06,361,133,129,29,20,7
2026-01-07,AE07,405,103,177,44,27,16
2026-01-07,AE08,413,151,169,28,20,0
2026-01-07,AE09,356,78,87,42,107,7
2026-01-07,KAM01,398,87,76,25,196,16
2026-01-07,KAM02,381,75,61,65,155,14
2026-01-07,KAM03,513,105,118,111,187,28
2026-01-07,KAM04,407,111,92,70,102,32
2026-01-07,KAM05,355,110,53,58,80,10
2026-01-08,SDR01,414,215,166,5,20,11
2026-01-08,SDR02,355,161,114,12,32,15
2026-01-08,SDR03,367,124,116,16,71,4
2026-01-08,SDR04,408,137,184,26,34,32
2026-01-08,AE01,385,134,179,63,20,10
2026-01-08,AE02,373,82,161,47,62,3
2026-01-08,AE03,403,127,170,59,20,25
2026-01-08,AE04,376,113,175,27,25,54
2026-01-08,AE05,398,131,85,37,131,33
2026-01-08,AE06,372,146,83,35,56,2
2026-01-08,AE07,450,168,133,74,45,26
2026-01-08,AE08,413,80,155,48,112,10
2026-01-08,AE09,387,85,159,60,36,5
2026-01-08,KAM01,369,127,95,38,61,23
2026-01-08,KAM02,402,78,96,33,157,25
2026-01-08,KAM03,377,125,53,58,120,44
2026-01-08,KAM04,370,147,37,33,125,16
2026-01-08,KAM05,410,76,79,64,150,23
2026-01-09,SDR01,459,195,131,33,74,6
2026-01-09,SDR02,474,240,222,25,20,48
2026-01-09,SDR03,371,116,145,26,65,32
2026-01-09,SDR04,479,232,224,22,20,28
2026-01-09,AE01,444,174,121,78,20,8
2026-01-09,AE02,391,155,93,53,91,0
2026-01-09,AE03,399,122,155,65,34,21
2026-01-09,AE04,458,104,110,65,189,6
2026-01-09,AE05,411,97,105,29,127,7
2026-01-09,AE06,392,132,115,44,89,15
2026-01-09,AE07,421,122,162,43,64,1
2026-01-09,AE08,415,77,133,68,103,38
2026-01-09,AE09,435,82,180,63,56,32
2026-01-09,KAM01,471,186,94,43,119,8
2026-01-09,KAM02,379,150,68,37,95,42
2026-01-09,KAM03,378,123,69,74,100,29
2026-01-09,KAM04,300,86,76,33,63,12
2026-01-09,KAM05,440,140,98,37,144,3
2026-01-12,SDR01,491,262,176,26,20,21
2026-01-12,SDR02,442,217,90,33,57,30
2026-01-12,SDR03,465,207,101,17,91,37
2026-01-12,SDR04,332,178,96,6,41,24
2026-01-12,AE01,415,147,109,36,108,4
2026-01-12,AE02,378,147,105,39,71,1
2026-01-12,AE03,450,97,174,28,119,40
2026-01-12,AE04,472,119,264,68,22,0
2026-01-12,AE05,413,142,136,50,52,39
2026-01-12,AE06,361,71,82,51,140,0
2026-01-12,AE07,390,132,90,59,92,22
2026-01-12,AE08,369,101,144,58,20,10
2026-01-12,AE09,414,172,91,53,88,20
2026-01-12,KAM01,332,113,51,46,70,25
2026-01-12,KAM02,435,118,66,35,188,39
2026-01-12,KAM03,439,87,73,59,230,18
2026-01-12,KAM04,414,126,104,58,98,0
2026-01-12,KAM05,357,136,42,26,129,16
2026-01-13,SDR01,293,119,105,14,31,17
2026-01-13,SDR02,470,150,224,14,36,18
2026-01-13,SDR03,423,234,195,18,20,40
2026-01-13,SDR04,493,257,108,33,56,23
2026-01-13,AE01,503,148,224,70,20,27
2026-01-13,AE02,420,163,166,31,37,3
2026-01-13,AE03,419,111,108,32,142,27
2026-01-13,AE04,473,171,185,67,25,0
2026-01-13,AE05,498,182,200,83,20,34
2026-01-13,AE06,456,91,112,67,175,15
2026-01-13,AE07,446,184,102,64,76,20
2026-01-13,AE08,464,138,155,42,100,5
2026-01-13,AE09,451,98,140,69,112,24
2026-01-13,KAM01,442,130,59,38,179,48
2026-01-13,KAM02,362,105,49,48,119,51
2026-01-13,KAM03,393,129,48,58,113,2
2026-01-13,KAM04,399,102,101,31,134,9
2026-01-13,KAM05,387,100,54,48,163,17
2026-01-14,SDR01,418,197,173,7,30,0
2026-01-14,SDR02,330,116,75,12,98,0
2026-01-14,SDR03,430,141,164,17,65,19
2026-01-14,SDR04,430,131,153,30,67,30
2026-01-14,AE01,477,87,144,36,195,5
2026-01-14,AE02,414,87,126,46,141,32
2026-01-14,AE03,430,77,169,71,73,19
2026-01-14,AE04,371,117,92,58,104,0
2026-01-14,AE05,429,148,145,26,59,42
2026-01-14,AE06,498,93,118,88,184,20
2026-01-14,AE07,372,115,120,34,58,9
2026-01-14,AE08,412,148,154,32,40,14
2026-01-14,AE09,449,173,177,76,20,10
2026-01-14,KAM01,401,137,63,47,140,22
2026-01-14,KAM02,405,102,84,60,137,34
2026-01-14,KAM03,378,76,75,76,139,0
2026-01-14,KAM04,377,150,48,30,118,38
2026-01-14,KAM05,438,172,88,35,94,1
2026-01-15,SDR01,467,186,162,17,66,0
2026-01-15,SDR02,471,255,126,17,36,26
2026-01-15,SDR03,454,220,104,17,94,0
2026-01-15,SDR04,348,147,94,21,36,13
2026-01-15,AE01,467,184,184,79,20,15
2026-01-15,AE02,320,101,115,31,65,0
2026-01-15,AE03,409,158,168,51,20,28
2026-01-15,AE04,385,148,100,29,77,29
2026-01-15,AE05,384,108,104,33,99,46
2026-01-15,AE06,405,126,176,46,23,50
2026-01-15,AE07,477,184,124,39,92,42
2026-01-15,AE08,463,118,167,81,71,0
2026-01-15,AE09,398,149,127,56,20,33
2026-01-15,KAM01,382,75,34,32,231,60
2026-01-15,KAM02,401,137,66,33,146,28
2026-01-15,KAM03,417,129,88,63,103,36
2026-01-15,KAM04,367,114,71,55,88,45
2026-01-15,KAM05,402,100,47,57,165,21
2026-01-16,SDR01,451,218,95,34,94,27
2026-01-16,SDR02,403,206,80,25,65,1
2026-01-16,SDR03,452,209,186,23,20,28
2026-01-16,SDR04,429,167,165,13,47,16
2026-01-16,AE01,463,182,133,44,70,46
2026-01-16,AE02,336,157,127,53,20,45
2026-01-16,AE03,472,115,145,51,151,17
2026-01-16,AE04,378,76,187,30,58,23
2026-01-16,AE05,487,153,100,65,149,39
2026-01-16,AE06,425,96,198,49,72,17
2026-01-16,AE07,515,190,148,61,78,8
2026-01-16,AE08,440,137,168,59,40,0
2026-01-16,AE09,465,138,181,32,71,34
2026-01-16,KAM01,369,80,38,35,198,28
2026-01-16,KAM02,371,124,36,43,131,9
2026-01-16,KAM03,405,73,62,82,161,28
2026-01-16,KAM04,339,73,53,45,142,23
2026-01-16,KAM05,386,120,83,40,129,7
2026-01-19,SDR01,438,232,169,34,20,0
2026-01-19,SDR02,438,226,99,33,41,4
2026-01-19,SDR03,409,174,174,8,20,16
2026-01-19,SDR04,370,146,108,17,75,13
2026-01-19,AE01,406,149,119,68,42,31
2026-01-19,AE02,478,121,105,47,188,15
2026-01-19,AE03,388,107,122,54,67,30
2026-01-19,AE04,470,133,141,46,148,0
2026-01-19,AE05,468,109,213,47,53,40
2026-01-19,AE06,463,149,167,28,97,14
2026-01-19,AE07,418,123,100,28,126,9
2026-01-19,AE08,411,122,171,64,36,14
2026-01-19,AE09,439,171,142,59,55,39
2026-01-19,KAM01,390,119,79,28,116,22
2026-01-19,KAM02,344,86,66,37,132,43
2026-01-19,KAM03,403,139,41,46,146,21
2026-01-19,KAM04,444,113,89,58,169,0
2026-01-19,KAM05,426,100,51,51,174,28
2026-01-20,SDR01,368,168,140,7,20,21
2026-01-20,SDR02,397,175,180,16,20,27
2026-01-20,SDR03,346,152,156,15,20,28
2026-01-20,SDR04,467,192,117,11,98,18
2026-01-20,AE01,459,124,96,48,171,44
2026-01-20,AE02,420,190,80,26,144,3
2026-01-20,AE03,382,145,155,40,24,36
2026-01-20,AE04,407,133,145,27,79,50
2026-01-20,AE05,420,161,112,74,26,25
2026-01-20,AE06,464,165,181,31,68,29
2026-01-20,AE07,369,125,78,42,97,55
2026-01-20,AE08,398,110,85,67,121,38
2026-01-20,AE09,463,121,114,37,140,28
2026-01-20,KAM01,480,176,69,63,159,6
2026-01-20,KAM02,460,94,56,57,208,17
2026-01-20,KAM03,432,71,57,36,245,0
2026-01-20,KAM04,376,137,31,34,143,12
2026-01-20,KAM05,390,137,45,38,123,29
2026-01-21,SDR01,468,164,146,26,118,15
2026-01-21,SDR02,434,171,171,22,53,5
2026-01-21,SDR03,421,205,136,24,20,7
2026-01-21,SDR04,479,248,126,22,38,7
2026-01-21,AE01,310,90,131,48,20,0
2026-01-21,AE02,310,88,90,49,69,4
2026-01-21,AE03,360,96,99,51,79,13
2026-01-21,AE04,500,152,204,39,114,2
2026-01-21,AE05,445,185,211,60,20,18
2026-01-21,AE06,406,76,117,43,135,62
2026-01-21,AE07,388,76,135,65,100,48
2026-01-21,AE08,385,86,158,43,70,18
2026-01-21,AE09,480,128,158,80,96,9
2026-01-21,KAM01,435,109,79,26,206,45
2026-01-21,KAM02,335,132,44,47,75,18
2026-01-21,KAM03,422,100,70,70,188,13
2026-01-21,KAM04,335,104,51,34,102,24
2026-01-21,KAM05,374,149,71,27,116,4
2026-01-22,SDR01,452,236,134,6,40,32
2026-01-22,SDR02,468,154,166,36,80,27
2026-01-22,SDR03,398,171,171,16,27,47
2026-01-22,SDR04,469,207,206,29,20,46
2026-01-22,AE01,475,177,111,74,60,31
2026-01-22,AE02,339,150,70,33,60,9
2026-01-22,AE03,440,131,184,72,40,3
2026-01-22,AE04,370,79,109,28,160,9
2026-01-22,AE05,443,102,205,72,24,0
2026-01-22,AE06,462,161,216,44,20,3
2026-01-22,AE07,434,123,204,50,30,0
2026-01-22,AE08,446,176,138,74,20,8
2026-01-22,AE09,432,174,102,51,76,17
2026-01-22,KAM01,423,125,35,26,202,54
2026-01-22,KAM02,426,140,54,70,123,27
2026-01-22,KAM03,351,85,55,30,166,25
2026-01-22,KAM04,427,104,104,58,149,27
2026-01-22,KAM05,403,142,62,42,108,33
2026-01-23,SDR01,387,170,79,5,98,31
2026-01-23,SDR02,412,168,171,28,20,5
2026-01-23,SDR03,428,156,163,22,43,31
2026-01-23,SDR04,324,125,93,18,42,12
2026-01-23,AE01,385,70,155,45,78,0
2026-01-23,AE02,416,97,128,54,146,7
2026-01-23,AE03,380,129,160,28,41,47
2026-01-23,AE04,447,116,106,58,130,21
2026-01-23,AE05,540,165,180,58,107,0
2026-01-23,AE06,500,90,116,53,225,13
2026-01-23,AE07,387,145,137,57,33,36
2026-01-23,AE08,474,178,106,48,129,0
2026-01-23,AE09,387,158,161,51,20,4
2026-01-23,KAM01,459,192,45,71,104,65
2026-01-23,KAM02,351,143,34,31,129,6
2026-01-23,KAM03,377,93,72,79,93,13
2026-01-23,KAM04,341,91,33,28,160,38
2026-01-23,KAM05,346,136,67,45,82,29
2026-01-26,SDR01,451,183,147,28,47,0
2026-01-26,SDR02,474,223,168,16,26,9
2026-01-26,SDR03,413,143,140,19,93,44
2026-01-26,SDR04,422,134,181,24,66,20
2026-01-26,AE01,424,96,169,51,68,34
2026-01-26,AE02,393,138,92,63,80,14
2026-01-26,AE03,381,123,108,29,94,12
2026-01-26,AE04,368,85,186,55,22,0
2026-01-26,AE05,406,116,113,34,129,29
2026-01-26,AE06,483,177,165,66,47,35
2026-01-26,AE07,444,159,115,69,54,18
2026-01-26,AE08,450,171,178,31,58,30
2026-01-26,AE09,430,169,120,41,63,33
2026-01-26,KAM01,371,94,93,56,107,28
2026-01-26,KAM02,331,124,48,56,52,23
2026-01-26,KAM03,363,61,85,36,191,29
2026-01-26,KAM04,383,68,52,41,197,27
2026-01-26,KAM05,449,94,92,27,219,0
2026-01-27,SDR01,432,207,166,17,20,32
2026-01-27,SDR02,389,207,112,6,22,7
2026-01-27,SDR03,478,217,181,17,30,25
2026-01-27,SDR04,412,191,124,27,33,0
2026-01-27,AE01,440,144,139,66,61,45
2026-01-27,AE02,360,162,107,40,43,22
2026-01-27,AE03,456,176,122,63,75,19
2026-01-27,AE04,470,79,233,38,129,54
2026-01-27,AE05,449,163,99,77,65,23
2026-01-27,AE06,435,168,206,55,20,27
2026-01-27,AE07,471,183,99,49,103,0
2026-01-27,AE08,461,86,156,30,155,5
2026-01-27,AE09,468,127,219,44,66,37
2026-01-27,KAM01,362,85,29,38,178,9
2026-01-27,KAM02,385,95,55,49,145,13
2026-01-27,KAM03,365,85,54,67,123,21
2026-01-27,KAM04,412,158,99,40,78,0
2026-01-27,KAM05,335,67,30,33,181,20
2026-01-28,SDR01,435,140,112,25,115,13
2026-01-28,SDR02,453,201,125,31,54,12
2026-01-28,SDR03,380,167,82,25,93,47
2026-01-28,SDR04,413,178,102,31,72,17
2026-01-28,AE01,423,120,119,53,82,26
2026-01-28,AE02,470,103,188,82,69,14
2026-01-28,AE03,510,130,227,43,91,51
2026-01-28,AE04,311,97,130,44,28,47
2026-01-28,AE05,467,126,124,46,143,33
2026-01-28,AE06,409,106,147,63,61,5
2026-01-28,AE07,431,91,165,75,54,0
2026-01-28,AE08,443,150,141,70,39,17
2026-01-28,AE09,447,138,107,63,114,12
2026-01-28,KAM01,321,127,72,54,46,7
2026-01-28,KAM02,420,174,56,64,83,33
2026-01-28,KAM03,438,126,67,70,159,0
2026-01-28,KAM04,410,159,96,42,97,2
2026-01-28,KAM05,425,114,106,48,132,27
2026-01-29,SDR01,445,187,208,5,20,61
2026-01-29,SDR02,427,229,118,11,47,14
2026-01-29,SDR03,346,126,108,22,66,15
2026-01-29,SDR04,403,144,90,19,125,31
2026-01-29,AE01,436,129,207,61,20,18
2026-01-29,AE02,386,152,104,35,83,7
2026-01-29,AE03,411,93,110,64,119,0
2026-01-29,AE04,346,113,134,22,71,22
2026-01-29,AE05,317,125,135,21,20,38
2026-01-29,AE06,493,158,178,39,74,29
2026-01-29,AE07,439,132,191,44,33,25
2026-01-29,AE08,401,133,178,62,20,12
2026-01-29,AE09,483,197,217,32,20,15
2026-01-29,KAM01,483,123,109,77,131,14
2026-01-29,KAM02,379,88,89,46,135,0
2026-01-29,KAM03,388,102,48,42,179,19
2026-01-29,KAM04,432,132,104,76,108,45
2026-01-29,KAM05,415,118,36,70,142,25
2026-01-30,SDR01,371,167,78,11,63,11
2026-01-30,SDR02,431,129,128,24,100,20
2026-01-30,SDR03,435,176,149,5,81,23
2026-01-30,SDR04,402,126,178,20,58,35
2026-01-30,AE01,456,109,145,62,87,28
2026-01-30,AE02,471,97,212,72,63,9
2026-01-30,AE03,430,140,115,57,80,7
2026-01-30,AE04,357,91,149,44,80,14
2026-01-30,AE05,425,150,149,31,74,12
2026-01-30,AE06,478,170,161,75,27,19
2026-01-30,AE07,452,147,197,37,39,21
2026-01-30,AE08,420,118,144,65,40,20
2026-01-30,AE09,493,160,125,87,101,4
2026-01-30,KAM01,346,78,66,21,127,73
2026-01-30,KAM02,437,156,66,40,139,16
2026-01-30,KAM03,432,130,82,37,158,13
2026-01-30,KAM04,451,175,57,55,146,35
2026-01-30,KAM05,408,73,53,34,195,13
2026-02-02,SDR01,450,203,205,14,20,11
2026-02-02,SDR02,430,134,104,27,149,18
2026-02-02,SDR03,410,134,150,17,56,0
2026-02-02,SDR04,384,139,181,28,20,48
2026-02-02,AE01,502,96,223,85,84,0
2026-02-02,AE02,345,85,139,28,64,48
2026-02-02,AE03,418,141,157,40,32,16
2026-02-02,AE04,385,69,141,49,102,0
2026-02-02,AE05,382,115,109,67,59,32
2026-02-02,AE06,461,117,166,36,95,23
2026-02-02,AE07,518,181,242,47,27,0
2026-02-02,AE08,380,129,87,27,98,0
2026-02-02,AE09,410,108,134,35,93,13
2026-02-02,KAM01,497,187,47,56,196,33
2026-02-02,KAM02,344,99,52,20,142,29
2026-02-02,KAM03,418,84,85,50,177,43
2026-02-02,KAM04,353,142,88,38,58,34
2026-02-02,KAM05,416,150,41,43,133,47
2026-02-03,SDR01,376,149,138,15,53,7
2026-02-03,SDR02,416,227,179,19,20,7
2026-02-03,SDR03,464,148,123,14,150,0
2026-02-03,SDR04,360,200,168,13,20,23
2026-02-03,AE01,463,167,110,29,144,44
2026-02-03,AE02,434,109,120,50,143,0
2026-02-03,AE03,433,141,172,46,33,21
2026-02-03,AE04,334,74,114,31,86,9
2026-02-03,AE05,434,133,125,63,90,35
2026-02-03,AE06,447,162,117,77,68,19
2026-02-03,AE07,386,148,134,48,46,37
2026-02-03,AE08,379,103,87,42,113,0
2026-02-03,AE09,413,84,186,54,63,13
2026-02-03,KAM01,403,130,55,37,153,32
2026-02-03,KAM02,374,99,78,43,110,0
2026-02-03,KAM03,422,111,72,31,164,7
2026-02-03,KAM04,443,91,57,31,222,47
2026-02-03,KAM05,391,104,67,60,134,29
2026-02-04,SDR01,375,136,117,7,102,0
2026-02-04,SDR02,445,138,117,21,134,17
2026-02-04,SDR03,463,148,98,32,165,0
2026-02-04,SDR04,487,208,206,28,32,20
2026-02-04,AE01,424,82,171,40,81,33
2026-02-04,AE02,356,95,131,31,67,7
2026-02-04,AE03,452,96,128,38,159,18
2026-02-04,AE04,426,121,220,45,49,42
2026-02-04,AE05,483,170,200,84,20,13
2026-02-04,AE06,463,133,208,71,32,53
2026-02-04,AE07,374,130,90,32,108,16
2026-02-04,AE08,351,137,92,35,73,0
2026-02-04,AE09,427,137,201,33,42,13
2026-02-04,KAM01,389,100,43,23,171,15
2026-02-04,KAM02,483,185,62,47,156,56
2026-02-04,KAM03,390,79,41,57,204,0
2026-02-04,KAM04,385,126,40,49,143,9
2026-02-04,KAM05,374,117,55,30,149,25
2026-02-05,SDR01,408,116,84,5,149,44
2026-02-05,SDR02,438,232,113,24,58,6
2026-02-05,SDR03,342,99,159,12,51,0
2026-02-05,SDR04,389,147,182,11,20,26
2026-02-05,AE01,470,84,124,72,176,1
2026-02-05,AE02,437,97,190,54,97,13
2026-02-05,AE03,507,192,243,71,20,45
2026-02-05,AE04,407,139,116,54,94,2
2026-02-05,AE05,402,153,89,24,87,33
2026-02-05,AE06,485,130,151,80,110,18
2026-02-05,AE07,461,131,175,32,78,7
2026-02-05,AE08,448,83,107,76,139,0
2026-02-05,AE09,400,139,83,32,129,4
2026-02-05,KAM01,409,134,70,25,132,19
2026-02-05,KAM02,331,120,62,47,49,13
2026-02-05,KAM03,340,66,68,29,182,3
2026-02-05,KAM04,443,111,82,57,143,35
2026-02-05,KAM05,472,183,66,29,162,63
2026-02-06,SDR01,425,213,94,9,97,46
2026-02-06,SDR02,469,203,136,6,87,19
2026-02-06,SDR03,409,135,94,5,134,24
2026-02-06,SDR04,400,213,153,18,20,2
2026-02-06,AE01,456,107,144,60,94,9
2026-02-06,AE02,373,81,126,37,127,0
2026-02-06,AE03,430,153,186,32,32,17
2026-02-06,AE04,483,115,227,35,113,0
2026-02-06,AE05,391,96,86,41,139,47
2026-02-06,AE06,436,159,120,26,109,25
2026-02-06,AE07,455,117,206,69,35,0
2026-02-06,AE08,448,105,210,53,39,0
2026-02-06,AE09,434,175,207,48,20,22
2026-02-06,KAM01,391,150,46,53,104,12
2026-02-06,KAM02,397,109,69,26,165,27
2026-02-06,KAM03,388,67,44,75,208,34
2026-02-06,KAM04,392,160,83,34,101,25
2026-02-06,KAM05,481,139,43,30,227,35
2026-02-09,SDR01,538,152,114,20,221,0
2026-02-09,SDR02,505,199,235,23,20,43
2026-02-09,SDR03,355,174,149,9,20,33
2026-02-09,SDR04,390,159,113,7,94,10
2026-02-09,AE01,462,179,142,45,81,16
2026-02-09,AE02,394,87,162,30,104,12
2026-02-09,AE03,415,84,173,46,94,4
2026-02-09,AE04,454,157,164,45,67,23
2026-02-09,AE05,463,157,159,61,75,9
2026-02-09,AE06,436,107,131,44,111,0
2026-02-09,AE07,506,206,167,44,77,0
2026-02-09,AE08,386,151,160,40,20,14
2026-02-09,AE09,427,132,169,52,22,70
2026-02-09,KAM01,338,117,70,56,58,23
2026-02-09,KAM02,379,148,80,62,72,42
2026-02-09,KAM03,354,119,43,35,125,0
2026-02-09,KAM04,341,97,55,24,148,12
2026-02-09,KAM05,320,117,73,47,53,0
2026-02-10,SDR01,405,189,106,20,56,35
2026-02-10,SDR02,412,180,93,21,104,8
2026-02-10,SDR03,424,142,175,15,82,10
2026-02-10,SDR04,406,173,182,6,20,27
2026-02-10,AE01,375,91,105,40,129,30
2026-02-10,AE02,418,114,161,47,79,0
2026-02-10,AE03,409,83,135,28,112,52
2026-02-10,AE04,484,123,186,46,137,11
2026-02-10,AE05,419,112,185,48,32,8
2026-02-10,AE06,488,130,178,54,101,0
2026-02-10,AE07,417,98,112,36,122,3
2026-02-10,AE08,537,152,178,44,133,17
2026-02-10,AE09,448,134,194,54,22,25
2026-02-10,KAM01,408,104,48,24,219,28
2026-02-10,KAM02,365,133,68,30,97,0
2026-02-10,KAM03,427,102,58,56,213,30
2026-02-10,KAM04,453,113,43,58,216,42
2026-02-10,KAM05,399,106,69,71,103,10
2026-02-11,SDR01,414,143,181,16,38,0
2026-02-11,SDR02,497,213,113,24,133,68
2026-02-11,SDR03,379,162,100,28,54,26
2026-02-11,SDR04,397,143,144,29,57,6
2026-02-11,AE01,522,106,222,58,91,33
2026-02-11,AE02,434,189,112,26,105,30
2026-02-11,AE03,460,93,161,82,101,33
2026-02-11,AE04,409,130,138,28,74,8
2026-02-11,AE05,451,169,200,46,20,26
2026-02-11,AE06,407,87,82,61,133,0
2026-02-11,AE07,441,155,101,42,111,31
2026-02-11,AE08,368,127,168,38,20,14
2026-02-11,AE09,447,117,209,75,20,28
2026-02-11,KAM01,468,90,45,64,256,48
2026-02-11,KAM02,393,111,87,46,133,62
2026-02-11,KAM03,343,68,88,59,92,18
2026-02-11,KAM04,329,121,29,32,132,42
2026-02-11,KAM05,329,121,28,19,145,0
2026-02-12,SDR01,420,206,125,22,20,15
2026-02-12,SDR02,397,160,120,12,69,2
2026-02-12,SDR03,412,174,186,17,20,12
2026-02-12,SDR04,465,133,207,6,99,19
2026-02-12,AE01,371,86,90,22,157,0
2026-02-12,AE02,413,189,154,70,20,1
2026-02-12,AE03,352,113,127,51,28,8
2026-02-12,AE04,422,83,202,57,63,9
2026-02-12,AE05,394,161,168,69,20,4
2026-02-12,AE06,431,157,128,47,53,26
2026-02-12,AE07,470,98,166,78,116,0
2026-02-12,AE08,308,85,145,43,20,46
2026-02-12,AE09,455,179,201,79,20,18
2026-02-12,KAM01,434,100,51,52,188,24
2026-02-12,KAM02,338,109,83,58,65,22
2026-02-12,KAM03,393,96,90,78,90,41
2026-02-12,KAM04,425,162,88,66,81,19
2026-02-12,KAM05,360,83,90,55,79,54
2026-02-13,SDR01,470,177,182,31,37,2
2026-02-13,SDR02,496,191,103,35,122,27
2026-02-13,SDR03,380,166,92,26,80,14
2026-02-13,SDR04,314,122,109,23,20,0
2026-02-13,AE01,410,124,167,54,20,35
2026-02-13,AE02,382,165,118,65,28,0
2026-02-13,AE03,467,99,162,78,118,9
2026-02-13,AE04,448,159,162,40,77,24
2026-02-13,AE05,432,119,158,76,29,31
2026-02-13,AE06,415,96,152,38,114,0
2026-02-13,AE07,401,90,152,24,96,50
2026-02-13,AE08,410,158,116,57,38,16
2026-02-13,AE09,425,108,185,31,74,0
2026-02-13,KAM01,406,130,56,29,163,28
2026-02-13,KAM02,416,160,79,69,93,6
2026-02-13,KAM03,438,94,43,64,221,39
2026-02-13,KAM04,337,90,45,33,153,27
2026-02-13,KAM05,532,162,65,70,218,33
2026-02-16,SDR01,414,202,153,28,20,15
2026-02-16,SDR02,540,292,235,13,20,4
2026-02-16,SDR03,452,167,102,7,154,0
2026-02-16,SDR04,440,190,123,16,69,46
2026-02-16,AE01,459,163,136,48,96,2
2026-02-16,AE02,442,127,146,62,80,18
2026-02-16,AE03,466,137,205,31,49,35
2026-02-16,AE04,375,121,108,39,79,28
2026-02-16,AE05,400,120,165,68,20,12
2026-02-16,AE06,402,113,113,24,132,41
2026-02-16,AE07,455,125,100,31,179,1
2026-02-16,AE08,435,180,167,69,20,29
2026-02-16,AE09,441,178,181,60,20,38
2026-02-16,KAM01,403,122,34,50,150,5
2026-02-16,KAM02,370,134,79,22,107,24
2026-02-16,KAM03,381,83,95,76,90,34
2026-02-16,KAM04,382,126,52,38,144,21
2026-02-16,KAM05,401,135,65,48,115,11
2026-02-17,SDR01,423,159,188,24,40,20
2026-02-17,SDR02,392,137,180,11,26,0
2026-02-17,SDR03,494,199,197,16,65,0
2026-02-17,SDR04,486,229,123,33,91,0
2026-02-17,AE01,452,189,131,65,20,15
2026-02-17,AE02,460,182,132,72,54,0
2026-02-17,AE03,406,141,148,70,20,23
2026-02-17,AE04,463,88,197,64,130,0
2026-02-17,AE05,434,89,132,30,163,0
2026-02-17,AE06,467,116,195,49,70,11
2026-02-17,AE07,404,113,98,70,111,0
2026-02-17,AE08,455,118,175,51,70,28
2026-02-17,AE09,458,122,94,54,135,59
2026-02-17,KAM01,442,110,48,62,190,23
2026-02-17,KAM02,452,132,67,72,152,37
2026-02-17,KAM03,338,67,43,47,165,28
2026-02-17,KAM04,331,101,69,20,124,35
2026-02-17,KAM05,330,93,60,20,137,8
2026-02-18,SDR01,394,162,94,11,99,0
2026-02-18,SDR02,415,156,141,27,58,34
2026-02-18,SDR03,366,153,105,11,68,28
2026-02-18,SDR04,471,259,118,32,20,19
2026-02-18,AE01,337,117,94,43,41,0
2026-02-18,AE02,425,171,98,33,131,0
2026-02-18,AE03,399,152,133,46,56,43
2026-02-18,AE04,491,122,118,74,187,33
2026-02-18,AE05,396,79,79,68,117,2
2026-02-18,AE06,514,196,166,50,87,18
2026-02-18,AE07,371,134,102,60,54,40
2026-02-18,AE08,434,138,116,74,93,0
2026-02-18,AE09,431,113,191,47,31,0
2026-02-18,KAM01,393,133,86,67,72,8
2026-02-18,KAM02,426,138,85,63,90,26
2026-02-18,KAM03,454,138,100,67,147,13
2026-02-18,KAM04,374,85,77,49,130,44
2026-02-18,KAM05,455,127,110,69,128,27
2026-02-19,SDR01,469,175,207,20,54,27
2026-02-19,SDR02,431,200,128,26,60,13
2026-02-19,SDR03,469,201,123,14,88,7
2026-02-19,SDR04,345,157,140,15,20,5
2026-02-19,AE01,431,110,200,40,40,12
2026-02-19,AE02,369,106,161,25,39,16
2026-02-19,AE03,384,108,95,63,86,37
2026-02-19,AE04,389,149,119,44,67,55
2026-02-19,AE05,474,147,213,33,65,24
2026-02-19,AE06,418,146,170,34,57,0
2026-02-19,AE07,423,129,197,60,20,6
2026-02-19,AE08,461,112,198,59,46,26
2026-02-19,AE09,492,206,208,44,20,26
2026-02-19,KAM01,384,97,63,36,147,39
2026-02-19,KAM02,441,94,94,29,200,20
2026-02-19,KAM03,454,73,71,82,207,43
2026-02-19,KAM04,452,94,58,34,232,42
2026-02-19,KAM05,482,89,121,67,170,33
2026-02-20,SDR01,481,183,134,31,118,36
2026-02-20,SDR02,383,186,78,15,63,0
2026-02-20,SDR03,405,191,187,31,20,4
2026-02-20,SDR04,434,223,203,8,20,6
2026-02-20,AE01,515,130,224,90,52,0
2026-02-20,AE02,339,150,95,20,63,16
2026-02-20,AE03,490,191,146,70,55,47
2026-02-20,AE04,395,149,108,29,71,16
2026-02-20,AE05,427,114,193,30,76,23
2026-02-20,AE06,536,200,181,63,46,20
2026-02-20,AE07,431,127,143,32,107,0
2026-02-20,AE08,457,85,157,31,149,0
2026-02-20,AE09,403,108,106,55,88,12
2026-02-20,KAM01,387,155,31,65,102,31
2026-02-20,KAM02,399,122,79,63,87,0
2026-02-20,KAM03,405,136,81,84,57,29
2026-02-20,KAM04,417,152,93,34,112,23
2026-02-20,KAM05,386,70,48,50,181,17
2026-02-23,SDR01,402,179,149,12,38,31
2026-02-23,SDR02,370,170,167,25,20,0
2026-02-23,SDR03,378,138,126,17,45,25
2026-02-23,SDR04,473,184,182,33,55,59
2026-02-23,AE01,410,134,85,62,119,24
2026-02-23,AE02,446,185,191,72,20,17
2026-02-23,AE03,535,135,124,62,173,13
2026-02-23,AE04,391,68,93,50,179,7
2026-02-23,AE05,491,179,103,72,99,15
2026-02-23,AE06,446,163,156,37,73,3
2026-02-23,AE07,455,154,186,60,44,29
2026-02-23,AE08,474,138,132,80,104,0
2026-02-23,AE09,449,148,159,39,84,0
2026-02-23,KAM01,376,102,47,61,123,52
2026-02-23,KAM02,335,64,76,40,136,58
2026-02-23,KAM03,374,101,91,29,110,23
2026-02-23,KAM04,409,126,81,25,155,17
2026-02-23,KAM05,446,111,75,61,154,10
2026-02-24,SDR01,472,229,114,26,54,12
2026-02-24,SDR02,438,218,149,24,28,4
2026-02-24,SDR03,454,127,143,10,164,7
2026-02-24,SDR04,364,108,107,17,79,37
2026-02-24,AE01,399,98,177,47,65,20
2026-02-24,AE02,414,115,168,28,87,0
2026-02-24,AE03,421,129,115,39,124,34
2026-02-24,AE04,416,112,228,31,33,29
2026-02-24,AE05,348,74,122,48,65,0
2026-02-24,AE06,404,151,169,32,26,37
2026-02-24,AE07,386,154,85,55,54,31
2026-02-24,AE08,380,146,165,51,20,45
2026-02-24,AE09,492,191,151,32,85,21
2026-02-24,KAM01,501,201,97,38,135,1
2026-02-24,KAM02,341,64,46,52,147,18
2026-02-24,KAM03,398,85,76,29,206,31
2026-02-24,KAM04,430,114,40,44,218,25
2026-02-24,KAM05,406,117,81,70,101,28
2026-02-25,SDR01,480,164,122,9,152,6
2026-02-25,SDR02,310,119,75,14,49,45
2026-02-25,SDR03,359,192,80,24,37,29
2026-02-25,SDR04,475,172,111,32,109,38
2026-02-25,AE01,441,110,89,55,150,0
2026-02-25,AE02,382,156,125,24,62,22
2026-02-25,AE03,490,138,196,35,108,24
2026-02-25,AE04,500,148,277,51,37,33
2026-02-25,AE05,492,151,150,42,111,0
2026-02-25,AE06,401,88,101,61,101,18
2026-02-25,AE07,422,164,151,54,20,2
2026-02-25,AE08,448,145,187,72,20,25
2026-02-25,AE09,439,115,103,45,166,12
2026-02-25,KAM01,416,85,82,51,171,29
2026-02-25,KAM02,412,80,50,69,187,14
2026-02-25,KAM03,361,94,63,34,127,52
2026-02-25,KAM04,356,64,38,46,155,24
2026-02-25,KAM05,399,108,66,37,170,0
2026-02-26,SDR01,419,126,114,5,144,26
2026-02-26,SDR02,456,138,115,30,141,33
2026-02-26,SDR03,440,168,183,33,45,38
2026-02-26,SDR04,498,170,141,34,139,14
2026-02-26,AE01,471,167,160,42,48,0
2026-02-26,AE02,425,120,162,74,65,10
2026-02-26,AE03,448,122,180,38,96,8
2026-02-26,AE04,414,138,158,30,64,9
2026-02-26,AE05,380,119,179,45,20,3
2026-02-26,AE06,442,96,165,69,67,24
2026-02-26,AE07,392,162,153,36,29,14
2026-02-26,AE08,368,154,75,22,64,5
2026-02-26,AE09,424,172,184,55,20,4
2026-02-26,KAM01,418,170,81,42,91,20
2026-02-26,KAM02,429,177,37,54,128,36
2026-02-26,KAM03,379,82,39,42,228,2
2026-02-26,KAM04,373,69,63,26,203,27
2026-02-26,KAM05,380,141,39,56,105,2
2026-02-27,SDR01,438,175,192,7,20,37
2026-02-27,SDR02,458,174,95,15,154,0
2026-02-27,SDR03,396,219,132,26,20,43
2026-02-27,SDR04,454,170,189,35,26,42
2026-02-27,AE01,447,165,188,62,20,8
2026-02-27,AE02,310,93,64,24,139,12
2026-02-27,AE03,404,102,116,26,113,16
2026-02-27,AE04,380,88,158,29,103,13
2026-02-27,AE05,422,170,130,28,75,34
2026-02-27,AE06,411,169,129,54,32,24
2026-02-27,AE07,412,103,145,26,119,35
2026-02-27,AE08,408,143,87,43,81,0
2026-02-27,AE09,447,127,203,60,20,47
2026-02-27,KAM01,424,132,56,36,164,13
2026-02-27,KAM02,300,101,53,27,105,16
2026-02-27,KAM03,357,82,86,40,146,19
2026-02-27,KAM04,452,135,75,28,194,0
2026-02-27,KAM05,392,117,32,27,179,3
2026-03-02,SDR01,418,119,86,6,160,0
2026-03-02,SDR02,474,219,99,11,126,35
2026-03-02,SDR03,429,170,167,32,20,0
2026-03-02,SDR04,429,185,197,5,20,33
2026-03-02,AE01,508,197,187,56,56,3
2026-03-02,AE02,372,160,160,66,20,5
2026-03-02,AE03,362,126,89,56,60,13
2026-03-02,AE04,409,115,180,51,49,40
2026-03-02,AE05,436,143,98,37,118,35
2026-03-02,AE06,400,104,118,69,64,28
2026-03-02,AE07,451,105,112,70,133,0
2026-03-02,AE08,412,87,116,62,102,18
2026-03-02,AE09,482,190,126,75,63,24
2026-03-02,KAM01,390,147,59,28,115,6
2026-03-02,KAM02,457,125,114,77,104,34
2026-03-02,KAM03,359,67,44,62,164,48
2026-03-02,KAM04,402,141,51,29,163,23
2026-03-02,KAM05,424,169,43,48,147,35
2026-03-03,SDR01,398,160,85,14,126,10
2026-03-03,SDR02,360,103,138,26,70,7
2026-03-03,SDR03,413,223,124,17,20,16
2026-03-03,SDR04,453,175,114,32,78,20
2026-03-03,AE01,416,162,100,33,101,40
2026-03-03,AE02,386,169,95,24,84,4
2026-03-03,AE03,397,96,175,48,33,14
2026-03-03,AE04,407,96,155,25,108,0
2026-03-03,AE05,428,89,116,43,128,4
2026-03-03,AE06,391,85,171,69,26,30
2026-03-03,AE07,380,111,159,26,39,20
2026-03-03,AE08,471,195,225,80,20,19
2026-03-03,AE09,419,96,111,30,145,23
2026-03-03,KAM01,437,112,75,62,173,46
2026-03-03,KAM02,392,150,95,36,72,8
2026-03-03,KAM03,360,94,89,31,142,26
2026-03-03,KAM04,332,84,62,50,112,14
2026-03-03,KAM05,386,109,91,53,80,14
2026-03-04,SDR01,425,210,199,23,20,26
2026-03-04,SDR02,473,133,168,20,104,52
2026-03-04,SDR03,448,143,177,29,71,2
2026-03-04,SDR04,473,257,163,22,20,12
2026-03-04,AE01,454,138,211,32,34,12
2026-03-04,AE02,420,103,163,54,75,18
2026-03-04,AE03,486,144,229,31,29,31
2026-03-04,AE04,465,132,204,38,93,0
2026-03-04,AE05,393,73,116,46,111,7
2026-03-04,AE06,454,109,176,79,76,8
2026-03-04,AE07,511,155,197,39,73,0
2026-03-04,AE08,478,124,145,53,111,41
2026-03-04,AE09,405,73,110,27,141,27
2026-03-04,KAM01,387,97,94,40,106,22
2026-03-04,KAM02,417,86,92,56,166,18
2026-03-04,KAM03,367,67,77,74,126,32
2026-03-04,KAM04,364,127,52,60,97,0
2026-03-04,KAM05,464,169,61,59,124,8
2026-03-05,SDR01,470,232,215,19,20,30
2026-03-05,SDR02,399,197,120,25,20,25
2026-03-05,SDR03,485,210,144,32,67,1
2026-03-05,SDR04,372,193,131,20,20,36
2026-03-05,AE01,470,173,151,80,42,54
2026-03-05,AE02,340,144,96,24,62,0
2026-03-05,AE03,326,82,131,27,51,37
2026-03-05,AE04,417,87,217,38,70,8
2026-03-05,AE05,477,140,151,39,131,49
2026-03-05,AE06,488,115,234,72,41,0
2026-03-05,AE07,410,92,131,61,83,16
2026-03-05,AE08,404,165,110,44,75,34
2026-03-05,AE09,451,99,128,70,127,29
2026-03-05,KAM01,411,123,51,28,184,34
2026-03-05,KAM02,450,153,58,38,173,41
2026-03-05,KAM03,433,114,110,42,116,29
2026-03-05,KAM04,318,58,29,22,178,22
2026-03-05,KAM05,418,167,76,27,97,21
2026-03-06,SDR01,495,202,176,32,64,44
2026-03-06,SDR02,357,180,143,27,20,15
2026-03-06,SDR03,432,186,143,17,44,39
2026-03-06,SDR04,422,210,154,14,20,7
2026-03-06,AE01,432,176,101,58,79,29
2026-03-06,AE02,451,93,103,74,191,0
2026-03-06,AE03,387,149,145,65,20,0
2026-03-06,AE04,496,121,139,83,155,36
2026-03-06,AE05,352,109,148,23,25,5
2026-03-06,AE06,361,85,76,62,109,15
2026-03-06,AE07,471,177,124,66,81,36
2026-03-06,AE08,446,115,188,31,72,42
2026-03-06,AE09,465,175,166,51,31,27
2026-03-06,KAM01,348,142,63,62,55,24
2026-03-06,KAM02,412,133,73,47,119,12
2026-03-06,KAM03,360,106,55,26,156,0
2026-03-06,KAM04,426,94,46,30,202,39
2026-03-06,KAM05,394,120,97,54,108,28
2026-03-09,SDR01,439,144,198,16,68,0
2026-03-09,SDR02,449,197,99,18,82,15
2026-03-09,SDR03,477,243,98,17,83,55
2026-03-09,SDR04,469,183,186,7,52,35
2026-03-09,AE01,434,160,157,49,47,12
2026-03-09,AE02,437,120,95,31,190,16
2026-03-09,AE03,496,126,213,68,72,28
2026-03-09,AE04,426,161,138,61,23,50
2026-03-09,AE05,339,127,141,60,20,57
2026-03-09,AE06,422,160,143,61,20,14
2026-03-09,AE07,419,76,90,41,191,38
2026-03-09,AE08,442,161,155,27,47,7
2026-03-09,AE09,473,110,205,30,112,41
2026-03-09,KAM01,456,137,59,80,157,22
2026-03-09,KAM02,406,145,42,57,151,7
2026-03-09,KAM03,373,64,95,58,122,14
2026-03-09,KAM04,397,144,32,46,135,22
2026-03-09,KAM05,370,89,60,41,151,28
2026-03-10,SDR01,421,228,150,21,20,15
2026-03-10,SDR02,350,146,117,9,34,0
2026-03-10,SDR03,448,195,112,5,88,6
2026-03-10,SDR04,421,210,86,26,58,7
2026-03-10,AE01,398,97,93,67,96,9
2026-03-10,AE02,348,166,68,24,65,15
2026-03-10,AE03,394,160,109,63,20,10
2026-03-10,AE04,475,171,181,77,41,30
2026-03-10,AE05,430,132,152,33,84,0
2026-03-10,AE06,436,174,135,48,44,9
2026-03-10,AE07,422,173,186,32,20,17
2026-03-10,AE08,407,154,171,35,20,34
2026-03-10,AE09,438,179,94,28,111,0
2026-03-10,KAM01,390,137,35,52,127,33
2026-03-10,KAM02,389,161,37,24,126,20
2026-03-10,KAM03,443,97,62,58,212,12
2026-03-10,KAM04,472,96,118,49,174,9
2026-03-10,KAM05,470,170,93,57,137,27
2026-03-11,SDR01,499,184,224,22,28,1
2026-03-11,SDR02,398,126,162,5,72,24
2026-03-11,SDR03,416,152,163,6,62,14
2026-03-11,SDR04,439,186,92,22,123,15
2026-03-11,AE01,436,88,193,71,43,15
2026-03-11,AE02,365,100,108,63,91,41
2026-03-11,AE03,429,156,132,63,35,13
2026-03-11,AE04,362,78,125,34,112,8
2026-03-11,AE05,362,110,145,57,20,19
2026-03-11,AE06,471,182,97,67,71,0
2026-03-11,AE07,456,125,179,62,39,0
2026-03-11,AE08,452,172,97,75,76,13
2026-03-11,AE09,336,123,147,44,20,0
2026-03-11,KAM01,457,102,45,31,242,23
2026-03-11,KAM02,403,120,67,38,156,17
2026-03-11,KAM03,374,85,62,46,188,15
2026-03-11,KAM04,409,123,102,57,75,22
2026-03-11,KAM05,431,94,41,71,194,28
2026-03-12,SDR01,441,242,105,5,43,37
2026-03-12,SDR02,471,190,169,17,82,23
2026-03-12,SDR03,459,214,127,30,34,52
2026-03-12,SDR04,426,185,177,18,31,40
2026-03-12,AE01,446,117,192,42,54,0
2026-03-12,AE02,448,134,105,53,172,8
2026-03-12,AE03,375,147,78,58,46,10
2026-03-12,AE04,394,116,106,58,86,20
2026-03-12,AE05,426,166,129,42,61,13
2026-03-12,AE06,466,169,172,47,38,42
2026-03-12,AE07,376,117,97,35,84,0
2026-03-12,AE08,404,150,169,43,20,7
2026-03-12,AE09,426,130,204,35,27,0
2026-03-12,KAM01,467,131,80,54,172,30
2026-03-12,KAM02,322,93,28,49,103,25
2026-03-12,KAM03,456,94,113,80,184,0
2026-03-12,KAM04,439,130,102,66,98,31
2026-03-12,KAM05,368,114,64,64,75,5
2026-03-13,SDR01,443,130,202,20,78,3
2026-03-13,SDR02,439,187,138,15,72,0
2026-03-13,SDR03,455,152,156,31,86,10
2026-03-13,SDR04,387,194,97,16,52,27
2026-03-13,AE01,440,137,153,60,74,13
2026-03-13,AE02,432,182,139,52,43,19
2026-03-13,AE03,435,135,153,40,54,12
2026-03-13,AE04,354,126,127,50,35,0
2026-03-13,AE05,464,104,147,43,160,30
2026-03-13,AE06,321,111,109,21,49,0
2026-03-13,AE07,410,97,142,72,77,13
2026-03-13,AE08,492,117,113,53,186,5
2026-03-13,AE09,449,159,133,54,69,20
2026-03-13,KAM01,417,104,80,63,134,0
2026-03-13,KAM02,388,75,31,32,213,0
2026-03-13,KAM03,380,86,71,30,159,25
2026-03-13,KAM04,352,71,40,43,187,52
2026-03-13,KAM05,413,95,95,34,146,33
2026-03-16,SDR01,459,211,119,18,65,45
2026-03-16,SDR02,407,205,90,6,56,0
2026-03-16,SDR03,420,209,92,9,71,0
2026-03-16,SDR04,319,118,132,16,43,0
2026-03-16,AE01,404,92,170,53,54,17
2026-03-16,AE02,356,95,73,31,155,13
2026-03-16,AE03,391,120,89,23,145,57
2026-03-16,AE04,457,169,128,64,96,32
2026-03-16,AE05,410,84,120,43,138,23
2026-03-16,AE06,501,123,163,72,106,7
2026-03-16,AE07,455,158,210,52,20,14
2026-03-16,AE08,438,104,136,72,101,10
2026-03-16,AE09,408,102,156,31,86,19
2026-03-16,KAM01,395,79,40,40,216,14
2026-03-16,KAM02,431,140,38,62,174,19
2026-03-16,KAM03,462,71,54,96,240,2
2026-03-16,KAM04,395,163,78,24,88,3
2026-03-16,KAM05,344,82,88,46,117,17
2026-03-17,SDR01,471,224,164,21,35,5
2026-03-17,SDR02,388,142,131,18,82,46
2026-03-17,SDR03,436,168,204,17,20,11
2026-03-17,SDR04,445,168,171,9,65,13
2026-03-17,AE01,452,171,148,52,48,0
2026-03-17,AE02,455,172,199,55,20,6
2026-03-17,AE03,425,83,131,51,137,27
2026-03-17,AE04,467,103,184,28,162,9
2026-03-17,AE05,353,113,118,50,52,14
2026-03-17,AE06,435,97,190,73,50,3
2026-03-17,AE07,443,116,208,29,68,18
2026-03-17,AE08,524,198,123,76,97,0
2026-03-17,AE09,450,142,187,33,56,4
2026-03-17,KAM01,373,143,92,60,33,43
2026-03-17,KAM02,305,118,44,21,111,31
2026-03-17,KAM03,455,150,72,65,135,10
2026-03-17,KAM04,453,108,43,36,242,34
2026-03-17,KAM05,425,97,90,66,129,1
2026-03-18,SDR01,421,144,85,9,168,4
2026-03-18,SDR02,403,221,187,32,20,19
2026-03-18,SDR03,496,267,220,21,20,20
2026-03-18,SDR04,490,255,218,23,20,7
2026-03-18,AE01,440,149,161,39,48,6
2026-03-18,AE02,421,180,190,31,20,27
2026-03-18,AE03,361,114,151,34,20,23
2026-03-18,AE04,465,171,119,50,119,39
2026-03-18,AE05,439,97,146,42,115,37
2026-03-18,AE06,427,177,96,52,79,29
2026-03-18,AE07,491,104,199,48,128,16
2026-03-18,AE08,397,141,159,63,20,9
2026-03-18,AE09,375,77,109,26,132,0
2026-03-18,KAM01,473,195,103,58,106,46
2026-03-18,KAM02,403,132,87,32,121,35
2026-03-18,KAM03,402,107,77,31,181,0
2026-03-18,KAM04,424,132,45,67,142,39
2026-03-18,KAM05,471,188,76,49,115,1
2026-03-19,SDR01,422,235,96,32,20,18
2026-03-19,SDR02,414,166,143,13,42,46
2026-03-19,SDR03,439,141,145,29,73,7
2026-03-19,SDR04,373,123,104,22,112,47
2026-03-19,AE01,425,108,158,64,83,0
2026-03-19,AE02,379,112,123,31,112,0
2026-03-19,AE03,409,73,146,47,110,19
2026-03-19,AE04,502,141,122,70,167,0
2026-03-19,AE05,438,126,203,73,20,20
2026-03-19,AE06,419,168,160,35,22,40
2026-03-19,AE07,457,150,107,37,111,29
2026-03-19,AE08,472,159,108,80,75,2
2026-03-19,AE09,330,65,73,53,118,0
2026-03-19,KAM01,390,72,85,66,130,0
2026-03-19,KAM02,373,151,64,27,93,42
2026-03-19,KAM03,427,90,73,91,180,39
2026-03-19,KAM04,412,144,51,66,140,29
2026-03-19,KAM05,411,88,76,25,181,24
2026-03-20,SDR01,475,204,161,23,34,58
2026-03-20,SDR02,395,119,162,16,86,6
2026-03-20,SDR03,380,149,133,9,71,0
2026-03-20,SDR04,367,161,131,22,43,21
2026-03-20,AE01,407,93,110,67,96,30
2026-03-20,AE02,468,183,124,61,84,8
2026-03-20,AE03,375,69,178,52,33,5
2026-03-20,AE04,415,130,201,49,22,50
2026-03-20,AE05,406,151,118,57,45,27
2026-03-20,AE06,432,148,169,61,20,16
2026-03-20,AE07,474,155,221,57,23,5
2026-03-20,AE08,479,165,162,84,58,59
2026-03-20,AE09,483,103,126,86,143,12
2026-03-20,KAM01,407,123,66,52,114,27
2026-03-20,KAM02,427,135,48,31,184,25
2026-03-20,KAM03,367,109,68,52,87,12
2026-03-20,KAM04,347,95,76,37,92,45
2026-03-20,KAM05,390,141,72,65,62,39
2026-03-23,SDR01,456,133,91,6,200,46
2026-03-23,SDR02,452,161,165,13,67,9
2026-03-23,SDR03,422,226,165,5,20,21
2026-03-23,SDR04,482,200,177,15,37,11
2026-03-23,AE01,425,149,202,56,20,0
2026-03-23,AE02,469,105,182,78,101,26
2026-03-23,AE03,470,130,133,40,149,13
2026-03-23,AE04,485,178,253,38,22,22
2026-03-23,AE05,358,118,167,33,20,10
2026-03-23,AE06,407,99,153,34,96,52
2026-03-23,AE07,429,97,128,63,118,5
2026-03-23,AE08,311,88,143,36,20,20
2026-03-23,AE09,499,130,177,87,55,0
2026-03-23,KAM01,433,146,90,37,138,43
2026-03-23,KAM02,324,77,26,21,177,23
2026-03-23,KAM03,400,91,89,41,185,44
2026-03-23,KAM04,415,81,96,32,177,45
2026-03-23,KAM05,372,141,31,43,123,0
2026-03-24,SDR01,353,177,97,15,27,43
2026-03-24,SDR02,373,171,92,22,54,30
2026-03-24,SDR03,540,174,160,34,119,11
2026-03-24,SDR04,450,211,181,14,20,12
2026-03-24,AE01,391,76,124,28,121,30
2026-03-24,AE02,385,101,125,24,108,0
2026-03-24,AE03,390,118,147,54,57,14
2026-03-24,AE04,409,139,113,44,103,38
2026-03-24,AE05,458,158,123,75,56,25
2026-03-24,AE06,407,88,173,68,57,21
2026-03-24,AE07,434,85,95,76,168,17
2026-03-24,AE08,444,160,142,78,30,0
2026-03-24,AE09,439,89,197,68,52,40
2026-03-24,KAM01,431,117,92,34,165,47
2026-03-24,KAM02,460,138,45,53,189,19
2026-03-24,KAM03,451,69,39,32,324,14
2026-03-24,KAM04,401,167,91,65,44,18
2026-03-24,KAM05,476,155,73,82,147,36
2026-03-25,SDR01,469,260,219,34,20,17
2026-03-25,SDR02,375,191,161,27,20,12
2026-03-25,SDR03,412,166,187,18,20,0
2026-03-25,SDR04,475,222,194,18,20,46
2026-03-25,AE01,413,76,109,57,153,46
2026-03-25,AE02,326,134,126,58,20,19
2026-03-25,AE03,515,211,106,83,64,0
2026-03-25,AE04,515,172,243,35,60,0
2026-03-25,AE05,381,97,120,45,106,24
2026-03-25,AE06,376,118,142,50,39,31
2026-03-25,AE07,465,116,139,28,158,5
2026-03-25,AE08,434,91,189,35,108,49
2026-03-25,AE09,382,97,174,39,55,50
2026-03-25,KAM01,405,90,41,25,227,0
2026-03-25,KAM02,540,167,95,87,180,26
2026-03-25,KAM03,410,126,76,73,109,35
2026-03-25,KAM04,381,79,35,32,215,20
2026-03-25,KAM05,390,85,70,61,133,15
2026-03-26,SDR01,460,131,94,34,180,9
2026-03-26,SDR02,334,182,119,6,20,39
2026-03-26,SDR03,458,177,216,32,20,0
2026-03-26,SDR04,445,237,113,34,28,1
2026-03-26,AE01,451,110,215,61,50,17
2026-03-26,AE02,415,111,109,31,147,5
2026-03-26,AE03,515,137,210,84,33,4
2026-03-26,AE04,409,150,173,25,40,6
2026-03-26,AE05,432,102,97,75,133,21
2026-03-26,AE06,398,104,160,28,66,3
2026-03-26,AE07,465,185,186,40,25,18
2026-03-26,AE08,396,75,79,61,153,14
2026-03-26,AE09,421,110,197,41,53,8
2026-03-26,KAM01,418,116,81,50,118,21
2026-03-26,KAM02,370,82,89,43,107,29
2026-03-26,KAM03,444,90,85,58,223,29
2026-03-26,KAM04,406,101,32,50,196,11
2026-03-26,KAM05,396,140,93,54,92,7
2026-03-27,SDR01,441,134,171,33,49,3
2026-03-27,SDR02,401,182,191,22,20,32
2026-03-27,SDR03,418,220,92,23,64,11
2026-03-27,SDR04,500,270,140,30,20,0
2026-03-27,AE01,390,96,149,25,79,7
2026-03-27,AE02,422,172,124,62,63,30
2026-03-27,AE03,432,103,95,40,177,29
2026-03-27,AE04,407,112,173,55,45,31
2026-03-27,AE05,415,163,150,49,32,38
2026-03-27,AE06,452,139,194,35,66,0
2026-03-27,AE07,503,154,130,69,138,20
2026-03-27,AE08,472,131,123,51,129,26
2026-03-27,AE09,417,149,156,36,38,0
2026-03-27,KAM01,396,140,90,37,102,42
2026-03-27,KAM02,302,106,45,29,86,3
2026-03-27,KAM03,383,122,60,82,92,2
2026-03-27,KAM04,479,180,59,85,127,7
2026-03-27,KAM05,411,125,98,30,111,24
2026-03-30,SDR01,412,226,180,9,20,46
2026-03-30,SDR02,357,164,109,23,27,50
2026-03-30,SDR03,392,209,159,29,20,0
2026-03-30,SDR04,425,231,171,9,20,8
2026-03-30,AE01,418,109,152,32,72,0
2026-03-30,AE02,404,169,168,47,20,12
2026-03-30,AE03,454,120,189,34,65,0
2026-03-30,AE04,434,148,153,75,53,8
2026-03-30,AE05,414,151,122,45,61,14
2026-03-30,AE06,454,84,198,54,79,43
2026-03-30,AE07,424,76,86,61,152,29
2026-03-30,AE08,495,92,219,38,111,46
2026-03-30,AE09,434,87,184,42,74,0
2026-03-30,KAM01,417,164,68,28,127,45
2026-03-30,KAM02,356,147,45,53,57,15
2026-03-30,KAM03,402,90,63,35,224,20
2026-03-30,KAM04,392,153,48,24,121,23
2026-03-30,KAM05,298,63,65,30,111,25
2026-03-31,SDR01,427,210,112,24,58,2
2026-03-31,SDR02,398,215,171,19,20,17
2026-03-31,SDR03,492,176,226,26,29,40
2026-03-31,SDR04,470,249,168,25,20,10
2026-03-31,AE01,504,191,235,39,28,16
2026-03-31,AE02,361,136,75,63,98,0
2026-03-31,AE03,426,145,88,71,109,3
2026-03-31,AE04,424,134,217,64,22,13
2026-03-31,AE05,367,150,109,54,37,27
2026-03-31,AE06,390,106,161,58,22,28
2026-03-31,AE07,455,153,163,70,51,0
2026-03-31,AE08,468,159,122,47,126,30
2026-03-31,AE09,394,141,176,26,38,30
2026-03-31,KAM01,405,112,54,42,148,24
2026-03-31,KAM02,364,67,47,44,186,20
2026-03-31,KAM03,371,130,58,39,93,32
2026-03-31,KAM04,403,124,65,51,121,27
2026-03-31,KAM05,438,170,48,77,123,57
2026-04-01,SDR01,475,263,106,16,40,30
2026-04-01,SDR02,391,201,126,19,34,23
2026-04-01,SDR03,394,189,180,18,20,29
2026-04-01,SDR04,474,178,129,24,113,1
2026-04-01,AE01,351,77,102,36,90,35
2026-04-01,AE02,438,97,139,59,116,25
2026-04-01,AE03,419,102,103,53,134,11
2026-04-01,AE04,445,136,238,32,45,0
2026-04-01,AE05,398,72,161,42,75,17
2026-04-01,AE06,379,71,144,47,69,14
2026-04-01,AE07,434,89,155,69,110,29
2026-04-01,AE08,394,79,88,64,142,11
2026-04-01,AE09,435,84,159,27,141,31
2026-04-01,KAM01,487,138,95,85,149,16
2026-04-01,KAM02,436,182,60,54,129,13
2026-04-01,KAM03,422,66,64,58,213,15
2026-04-01,KAM04,429,128,37,34,177,36
2026-04-01,KAM05,389,108,43,40,153,1
2026-04-02,SDR01,356,138,81,13,99,37
2026-04-02,SDR02,360,117,115,19,88,19
2026-04-02,SDR03,451,204,165,18,22,27
2026-04-02,SDR04,425,167,168,9,30,36
2026-04-02,AE01,427,117,169,61,60,29
2026-04-02,AE02,343,139,92,38,58,29
2026-04-02,AE03,372,149,99,63,51,7
2026-04-02,AE04,490,106,143,66,184,50
2026-04-02,AE05,457,188,205,40,20,0
2026-04-02,AE06,459,102,133,54,148,31
2026-04-02,AE07,377,69,128,41,101,11
2026-04-02,AE08,377,144,98,52,67,0
2026-04-02,AE09,400,130,179,50,20,0
2026-04-02,KAM01,378,158,85,51,63,37
2026-04-02,KAM02,432,122,39,72,158,4
2026-04-02,KAM03,347,56,44,58,189,12
2026-04-02,KAM04,414,108,34,70,181,24
2026-04-02,KAM05,399,130,82,71,79,33
2026-04-03,SDR01,383,146,135,20,72,0
2026-04-03,SDR02,484,216,209,23,20,10
2026-04-03,SDR03,384,144,88,15,109,24
2026-04-03,SDR04,436,214,160,25,20,50
2026-04-03,AE01,438,110,162,71,79,1
2026-04-03,AE02,418,157,110,32,92,22
2026-04-03,AE03,427,162,197,65,20,1
2026-04-03,AE04,397,83,173,44,72,26
2026-04-03,AE05,476,176,167,49,37,27
2026-04-03,AE06,393,162,94,56,70,16
2026-04-03,AE07,416,99,147,57,90,41
2026-04-03,AE08,506,192,102,44,146,0
2026-04-03,AE09,520,105,141,44,201,46
2026-04-03,KAM01,342,118,80,22,68,27
2026-04-03,KAM02,400,86,85,49,131,31
2026-04-03,KAM03,412,119,100,34,153,47
2026-04-03,KAM04,337,125,51,42,65,55
2026-04-03,KAM05,384,126,33,26,146,63
2026-04-06,SDR01,478,187,180,29,72,3
2026-04-06,SDR02,449,222,202,19,20,0
2026-04-06,SDR03,429,205,135,9,30,31
2026-04-06,SDR04,398,221,100,20,32,0
2026-04-06,AE01,405,109,175,72,31,0
2026-04-06,AE02,363,155,128,28,60,20
2026-04-06,AE03,361,97,91,53,87,0
2026-04-06,AE04,449,145,211,67,22,46
2026-04-06,AE05,481,189,197,82,20,29
2026-04-06,AE06,478,125,141,47,138,0
2026-04-06,AE07,518,143,182,65,84,48
2026-04-06,AE08,440,160,152,59,53,6
2026-04-06,AE09,416,161,88,62,63,11
2026-04-06,KAM01,420,155,46,45,162,32
2026-04-06,KAM02,470,176,58,55,164,21
2026-04-06,KAM03,358,107,29,45,152,14
2026-04-06,KAM04,374,146,42,48,94,40
2026-04-06,KAM05,436,104,103,59,119,0
2026-04-07,SDR01,413,128,158,32,55,35
2026-04-07,SDR02,444,229,166,25,20,33
2026-04-07,SDR03,466,138,175,31,80,22
2026-04-07,SDR04,464,227,162,20,43,9
2026-04-07,AE01,292,121,73,52,23,25
2026-04-07,AE02,357,136,145,26,52,0
2026-04-07,AE03,416,145,169,43,20,16
2026-04-07,AE04,388,77,96,29,183,29
2026-04-07,AE05,397,122,91,33,133,19
2026-04-07,AE06,414,97,152,40,73,0
2026-04-07,AE07,484,141,228,46,36,1
2026-04-07,AE08,468,155,106,35,147,11
2026-04-07,AE09,370,100,87,64,73,8
2026-04-07,KAM01,441,185,37,38,165,46
2026-04-07,KAM02,401,75,44,60,206,12
2026-04-07,KAM03,364,95,55,37,178,0
2026-04-07,KAM04,340,121,78,28,67,27
2026-04-07,KAM05,329,120,77,35,79,34
2026-04-08,SDR01,456,240,124,12,57,0
2026-04-08,SDR02,398,168,131,29,29,0
2026-04-08,SDR03,394,191,177,20,20,0
2026-04-08,SDR04,475,144,196,28,86,0
2026-04-08,AE01,376,150,95,30,66,34
2026-04-08,AE02,424,98,153,73,78,3
2026-04-08,AE03,425,150,109,37,115,22
2026-04-08,AE04,426,154,213,73,22,1
2026-04-08,AE05,389,136,168,35,20,22
2026-04-08,AE06,451,176,147,72,20,25
2026-04-08,AE07,455,179,152,38,49,0
2026-04-08,AE08,482,141,113,59,157,27
2026-04-08,AE09,416,153,119,64,47,15
2026-04-08,KAM01,424,133,98,26,116,38
2026-04-08,KAM02,406,111,32,25,217,2
2026-04-08,KAM03,410,106,44,53,169,46
2026-04-08,KAM04,406,113,69,51,154,26
2026-04-08,KAM05,397,156,37,33,135,0
2026-04-09,SDR01,433,222,96,22,65,23
2026-04-09,SDR02,413,158,129,27,68,19
2026-04-09,SDR03,415,192,148,21,23,32
2026-04-09,SDR04,412,142,123,8,112,26
2026-04-09,AE01,439,160,207,35,24,35
2026-04-09,AE02,402,147,179,47,20,0
2026-04-09,AE03,481,194,136,33,107,55
2026-04-09,AE04,385,120,145,49,68,21
2026-04-09,AE05,374,143,106,55,20,9
2026-04-09,AE06,409,101,144,48,104,46
2026-04-09,AE07,378,130,101,52,85,16
2026-04-09,AE08,467,109,194,64,72,0
2026-04-09,AE09,459,95,109,70,144,2
2026-04-09,KAM01,401,145,47,44,129,0
2026-04-09,KAM02,503,187,49,41,210,39
2026-04-09,KAM03,407,123,79,34,140,12
2026-04-09,KAM04,397,96,94,37,148,4
2026-04-09,KAM05,423,168,42,41,148,15
2026-04-10,SDR01,473,173,153,5,100,13
2026-04-10,SDR02,465,254,142,14,20,20
2026-04-10,SDR03,492,211,115,34,101,8
2026-04-10,SDR04,425,136,115,26,114,9
2026-04-10,AE01,462,170,218,44,20,0
2026-04-10,AE02,346,127,146,50,20,8
2026-04-10,AE03,378,156,158,29,20,28
2026-04-10,AE04,441,88,197,32,122,17
2026-04-10,AE05,490,91,222,87,55,37
2026-04-10,AE06,463,166,149,42,74,5
2026-04-10,AE07,484,174,155,43,87,2
2026-04-10,AE08,435,146,170,61,20,17
2026-04-10,AE09,453,82,116,50,153,39
2026-04-10,KAM01,384,84,99,65,94,31
2026-04-10,KAM02,481,127,62,47,226,8
2026-04-10,KAM03,396,83,76,36,198,42
2026-04-10,KAM04,388,148,48,66,85,46
2026-04-10,KAM05,359,129,51,44,118,30
2026-04-13,SDR01,432,121,191,28,73,33
2026-04-13,SDR02,417,196,157,24,23,0
2026-04-13,SDR03,393,150,180,16,20,45
2026-04-13,SDR04,435,138,95,31,154,27
2026-04-13,AE01,422,157,134,49,49,15
2026-04-13,AE02,382,135,102,68,84,21
2026-04-13,AE03,400,117,139,31,69,7
2026-04-13,AE04,491,125,191,54,114,19
2026-04-13,AE05,483,110,222,62,73,31
2026-04-13,AE06,391,129,150,60,34,24
2026-04-13,AE07,364,102,159,46,25,25
2026-04-13,AE08,404,143,90,31,115,5
2026-04-13,AE09,394,161,137,26,37,13
2026-04-13,KAM01,405,136,40,41,142,16
2026-04-13,KAM02,397,75,88,50,146,56
2026-04-13,KAM03,366,99,61,51,145,24
2026-04-13,KAM04,348,137,33,46,121,47
2026-04-13,KAM05,389,158,71,52,79,12
2026-04-14,SDR01,507,193,211,11,82,15
2026-04-14,SDR02,441,211,185,17,20,11
2026-04-14,SDR03,427,202,104,5,75,15
2026-04-14,SDR04,394,162,111,5,95,33
2026-04-14,AE01,393,143,149,30,33,21
2026-04-14,AE02,425,199,172,39,20,57
2026-04-14,AE03,427,119,98,35,156,32
2026-04-14,AE04,516,155,251,92,22,28
2026-04-14,AE05,411,164,196,67,20,17
2026-04-14,AE06,451,100,188,45,99,16
2026-04-14,AE07,381,144,157,28,20,29
2026-04-14,AE08,515,110,218,75,87,4
2026-04-14,AE09,485,103,152,38,148,0
2026-04-14,KAM01,421,80,50,46,214,0
2026-04-14,KAM02,481,117,121,58,170,0
2026-04-14,KAM03,405,113,47,64,141,73
2026-04-14,KAM04,324,101,42,50,101,10
2026-04-14,KAM05,390,116,61,37,144,49
2026-04-15,SDR01,414,177,92,12,102,7
2026-04-15,SDR02,475,142,145,28,144,53
2026-04-15,SDR03,389,162,186,6,25,16
2026-04-15,SDR04,423,176,120,22,53,38
2026-04-15,AE01,413,114,107,25,153,17
2026-04-15,AE02,414,154,151,48,32,3
2026-04-15,AE03,473,115,147,28,137,11
2026-04-15,AE04,445,158,138,47,63,40
2026-04-15,AE05,429,166,106,42,73,29
2026-04-15,AE06,473,194,192,33,21,42
2026-04-15,AE07,501,108,155,35,169,12
2026-04-15,AE08,439,168,106,62,76,8
2026-04-15,AE09,410,141,141,33,68,15
2026-04-15,KAM01,377,136,55,53,108,39
2026-04-15,KAM02,362,114,37,45,143,28
2026-04-15,KAM03,400,94,72,63,180,47
2026-04-15,KAM04,460,129,39,55,218,18
2026-04-15,KAM05,368,96,49,24,187,44
2026-04-16,SDR01,372,170,127,22,20,61
2026-04-16,SDR02,484,236,132,38,48,8
2026-04-16,SDR03,474,229,194,18,20,0
2026-04-16,SDR04,426,169,137,23,83,21
2026-04-16,AE01,495,108,203,69,76,0
2026-04-16,AE02,392,156,92,53,65,27
2026-04-16,AE03,462,189,131,45,73,20
2026-04-16,AE04,419,114,217,74,22,11
2026-04-16,AE05,536,196,110,46,152,42
2026-04-16,AE06,327,133,146,26,20,31
2026-04-16,AE07,434,161,191,57,20,0
2026-04-16,AE08,339,80,106,38,105,0
2026-04-16,AE09,410,119,176,33,71,36
2026-04-16,KAM01,345,106,38,22,152,8
2026-04-16,KAM02,384,102,98,62,106,18
2026-04-16,KAM03,400,66,52,31,233,0
2026-04-16,KAM04,421,88,105,33,181,34
2026-04-16,KAM05,387,144,37,68,126,40
2026-04-17,SDR01,413,177,112,16,84,47
2026-04-17,SDR02,450,170,153,25,78,13
2026-04-17,SDR03,464,199,161,29,36,0
2026-04-17,SDR04,367,114,111,17,103,0
2026-04-17,AE01,413,154,115,43,49,16
2026-04-17,AE02,402,90,156,55,100,0
2026-04-17,AE03,513,151,190,79,74,0
2026-04-17,AE04,483,134,247,34,62,61
2026-04-17,AE05,410,162,116,33,54,7
2026-04-17,AE06,435,90,93,38,193,29
2026-04-17,AE07,491,149,155,83,89,11
2026-04-17,AE08,368,81,83,35,158,0
2026-04-17,AE09,453,125,211,78,20,0
2026-04-17,KAM01,360,98,80,57,101,26
2026-04-17,KAM02,463,110,64,39,216,18
2026-04-17,KAM03,410,90,58,82,173,0
2026-04-17,KAM04,446,142,83,63,128,12
2026-04-17,KAM05,409,133,71,51,105,0
2026-04-20,SDR01,447,238,195,9,20,29
2026-04-20,SDR02,403,206,90,13,70,9
2026-04-20,SDR03,354,106,87,20,97,15
2026-04-20,SDR04,496,263,200,35,20,40
2026-04-20,AE01,517,112,169,74,142,17
2026-04-20,AE02,466,149,212,81,21,0
2026-04-20,AE03,412,115,193,45,20,35
2026-04-20,AE04,317,70,96,22,101,53
2026-04-20,AE05,433,135,147,45,81,23
2026-04-20,AE06,381,83,107,59,109,9
2026-04-20,AE07,469,86,159,62,126,53
2026-04-20,AE08,423,136,108,60,72,44
2026-04-20,AE09,420,83,156,40,122,2
2026-04-20,KAM01,431,86,62,56,180,20
2026-04-20,KAM02,329,83,79,57,68,17
2026-04-20,KAM03,409,125,67,56,118,6
2026-04-20,KAM04,350,71,52,57,119,27
2026-04-20,KAM05,445,101,52,37,234,11
2026-04-21,SDR01,540,237,242,11,20,34
2026-04-21,SDR02,454,139,140,9,151,8
2026-04-21,SDR03,416,169,88,26,80,18
2026-04-21,SDR04,421,207,94,18,48,0
2026-04-21,AE01,449,120,135,77,89,12
2026-04-21,AE02,466,166,105,57,116,39
2026-04-21,AE03,409,82,139,49,106,0
2026-04-21,AE04,448,119,152,71,96,7
2026-04-21,AE05,438,123,116,29,117,0
2026-04-21,AE06,466,186,125,59,43,0
2026-04-21,AE07,510,192,211,62,26,12
2026-04-21,AE08,468,162,203,39,30,0
2026-04-21,AE09,383,143,145,44,20,15
2026-04-21,KAM01,472,85,97,45,223,8
2026-04-21,KAM02,342,135,36,48,92,28
2026-04-21,KAM03,355,95,76,28,110,14
2026-04-21,KAM04,323,62,77,24,122,0
2026-04-21,KAM05,452,134,55,33,203,6
2026-04-22,SDR01,372,122,114,9,94,22
2026-04-22,SDR02,454,189,91,11,127,10
2026-04-22,SDR03,409,135,91,14,118,30
2026-04-22,SDR04,402,191,167,28,20,20
2026-04-22,AE01,394,134,83,68,67,7
2026-04-22,AE02,401,98,78,29,193,44
2026-04-22,AE03,396,94,93,63,95,59
2026-04-22,AE04,431,161,155,58,42,17
2026-04-22,AE05,429,135,113,69,92,35
2026-04-22,AE06,468,157,217,36,28,4
2026-04-22,AE07,421,99,123,45,118,9
2026-04-22,AE08,437,102,178,78,33,0
2026-04-22,AE09,425,139,126,55,73,17
2026-04-22,KAM01,367,94,67,34,160,33
2026-04-22,KAM02,414,80,84,54,153,61
2026-04-22,KAM03,411,128,53,50,148,32
2026-04-22,KAM04,341,133,47,46,90,9
2026-04-22,KAM05,342,71,28,33,180,11
2026-04-23,SDR01,442,202,122,8,56,12
2026-04-23,SDR02,456,223,140,17,64,0
2026-04-23,SDR03,470,163,171,23,96,16
2026-04-23,SDR04,494,265,148,18,20,40
2026-04-23,AE01,422,123,98,65,104,5
2026-04-23,AE02,395,96,120,42,107,8
2026-04-23,AE03,454,176,150,64,34,50
2026-04-23,AE04,441,161,220,57,22,33
2026-04-23,AE05,424,158,187,59,20,22
2026-04-23,AE06,471,94,128,38,188,44
2026-04-23,AE07,359,142,73,22,103,33
2026-04-23,AE08,491,122,170,38,112,0
2026-04-23,AE09,473,158,189,58,28,4
2026-04-23,KAM01,352,145,36,43,116,29
2026-04-23,KAM02,375,100,30,24,172,19
2026-04-23,KAM03,380,130,56,75,69,0
2026-04-23,KAM04,328,124,50,31,81,30
2026-04-23,KAM05,470,143,98,45,138,0
2026-04-24,SDR01,410,176,119,23,54,19
2026-04-24,SDR02,451,150,190,28,67,16
2026-04-24,SDR03,416,169,168,23,32,0
2026-04-24,SDR04,474,196,111,17,124,11
2026-04-24,AE01,437,105,175,39,87,0
2026-04-24,AE02,432,173,184,28,27,51
2026-04-24,AE03,365,85,125,50,69,26
2026-04-24,AE04,451,131,195,38,93,0
2026-04-24,AE05,459,88,208,74,68,0
2026-04-24,AE06,395,134,160,40,20,21
2026-04-24,AE07,393,111,117,31,107,41
2026-04-24,AE08,428,137,119,27,125,0
2026-04-24,AE09,433,163,177,46,20,48
2026-04-24,KAM01,413,81,102,45,138,28
2026-04-24,KAM02,312,97,31,31,111,56
2026-04-24,KAM03,379,124,95,75,51,5
2026-04-24,KAM04,358,148,41,30,110,15
2026-04-24,KAM05,503,125,101,30,225,37
2026-04-27,SDR01,352,190,136,12,20,21
2026-04-27,SDR02,384,164,111,28,44,0
2026-04-27,SDR03,414,169,130,18,69,11
2026-04-27,SDR04,446,195,134,21,59,8
2026-04-27,AE01,457,191,203,33,20,25
2026-04-27,AE02,494,169,148,54,111,42
2026-04-27,AE03,486,191,219,77,20,3
2026-04-27,AE04,444,152,207,37,60,11
2026-04-27,AE05,476,152,124,29,146,13
2026-04-27,AE06,393,72,104,37,150,24
2026-04-27,AE07,438,167,192,26,22,17
2026-04-27,AE08,459,143,137,47,85,21
2026-04-27,AE09,345,121,88,33,75,31
2026-04-27,KAM01,330,98,69,45,79,0
2026-04-27,KAM02,457,155,103,50,99,16
2026-04-27,KAM03,422,85,78,89,175,59
2026-04-27,KAM04,360,145,31,59,114,32
2026-04-27,KAM05,391,150,87,61,79,9
2026-04-28,SDR01,494,220,155,7,63,33
2026-04-28,SDR02,432,179,153,9,54,6
2026-04-28,SDR03,351,171,151,23,20,19
2026-04-28,SDR04,441,163,130,5,131,0
2026-04-28,AE01,540,218,190,44,65,26
2026-04-28,AE02,368,101,155,36,64,12
2026-04-28,AE03,324,76,99,55,78,43
2026-04-28,AE04,396,98,167,49,55,21
2026-04-28,AE05,437,110,113,65,112,37
2026-04-28,AE06,448,119,212,78,20,2
2026-04-28,AE07,472,150,179,52,51,0
2026-04-28,AE08,426,87,89,27,196,10
2026-04-28,AE09,398,139,164,35,20,0
2026-04-28,KAM01,350,124,70,62,40,10
2026-04-28,KAM02,339,79,70,57,88,23
2026-04-28,KAM03,391,110,37,62,143,13
2026-04-28,KAM04,391,131,49,62,105,19
2026-04-28,KAM05,372,127,45,65,112,25
2026-04-29,SDR01,418,149,163,29,37,38
2026-04-29,SDR02,355,164,116,12,45,24
2026-04-29,SDR03,469,232,221,24,20,16
2026-04-29,SDR04,465,163,204,11,62,33
2026-04-29,AE01,426,81,195,59,71,15
2026-04-29,AE02,383,88,148,63,82,26
2026-04-29,AE03,440,118,127,67,106,1
2026-04-29,AE04,387,96,187,67,35,21
2026-04-29,AE05,426,104,173,72,26,33
2026-04-29,AE06,478,169,217,36,36,32
2026-04-29,AE07,405,133,163,35,29,22
2026-04-29,AE08,379,142,175,48,20,9
2026-04-29,AE09,370,70,124,64,77,0
2026-04-29,KAM01,393,112,48,66,144,53
2026-04-29,KAM02,413,103,67,56,161,27
2026-04-29,KAM03,386,73,88,30,177,0
2026-04-29,KAM04,515,167,72,40,221,24
2026-04-29,KAM05,410,96,79,53,154,43
2026-04-30,SDR01,416,182,132,14,52,2
2026-04-30,SDR02,441,229,112,27,61,25
2026-04-30,SDR03,418,185,91,7,113,6
2026-04-30,SDR04,402,144,149,15,45,31
2026-04-30,AE01,368,85,174,58,20,0
2026-04-30,AE02,416,193,84,43,80,3
2026-04-30,AE03,392,138,110,26,80,7
2026-04-30,AE04,431,118,223,54,22,0
2026-04-30,AE05,384,145,155,27,20,17
2026-04-30,AE06,445,116,112,64,139,28
2026-04-30,AE07,465,139,97,50,129,56
2026-04-30,AE08,487,121,201,62,67,35
2026-04-30,AE09,433,86,130,42,153,12
2026-04-30,KAM01,467,96,108,36,198,53
2026-04-30,KAM02,400,91,73,53,146,7
2026-04-30,KAM03,413,132,84,65,116,61
2026-04-30,KAM04,470,84,79,73,208,39
2026-04-30,KAM05,410,99,84,51,138,0
2026-05-01,SDR01,456,235,144,23,40,5
2026-05-01,SDR02,472,179,210,28,20,32
2026-05-01,SDR03,430,201,169,20,20,56
2026-05-01,SDR04,442,235,189,20,20,6
2026-05-01,AE01,410,152,136,32,45,27
2026-05-01,AE02,460,97,102,50,207,13
2026-05-01,AE03,482,187,195,76,20,17
2026-05-01,AE04,369,137,128,52,53,34
2026-05-01,AE05,410,76,128,38,157,35
2026-05-01,AE06,434,173,207,39,20,3
2026-05-01,AE07,489,166,230,51,20,30
2026-05-01,AE08,456,133,130,29,145,46
2026-05-01,AE09,426,79,97,40,192,21
2026-05-01,KAM01,516,153,131,73,130,24
2026-05-01,KAM02,466,92,39,81,222,0
2026-05-01,KAM03,450,92,41,43,266,32
2026-05-01,KAM04,415,160,93,50,70,61
2026-05-01,KAM05,358,101,51,29,150,38
2026-05-04,SDR01,484,192,114,26,135,37
2026-05-04,SDR02,434,163,88,10,122,39
2026-05-04,SDR03,406,167,143,24,37,0
2026-05-04,SDR04,450,225,127,30,33,0
2026-05-04,AE01,440,161,165,26,61,4
2026-05-04,AE02,380,130,153,32,71,11
2026-05-04,AE03,381,160,80,56,73,7
2026-05-04,AE04,507,177,278,75,22,34
2026-05-04,AE05,369,132,114,45,48,9
2026-05-04,AE06,410,158,130,56,52,12
2026-05-04,AE07,467,176,173,74,20,23
2026-05-04,AE08,501,93,143,51,190,18
2026-05-04,AE09,413,140,118,43,87,0
2026-05-04,KAM01,438,129,108,68,121,0
2026-05-04,KAM02,383,145,68,47,78,41
2026-05-04,KAM03,353,89,78,51,126,55
2026-05-04,KAM04,473,117,54,39,215,17
2026-05-04,KAM05,336,104,61,50,76,0
2026-05-05,SDR01,459,188,106,25,95,30
2026-05-05,SDR02,437,240,117,19,23,9
2026-05-05,SDR03,404,146,180,5,30,39
2026-05-05,SDR04,436,146,107,26,124,15
2026-05-05,AE01,492,195,226,51,20,13
2026-05-05,AE02,319,136,139,25,20,0
2026-05-05,AE03,464,130,194,58,32,32
2026-05-05,AE04,410,95,153,71,70,33
2026-05-05,AE05,511,130,169,79,111,36
2026-05-05,AE06,448,178,132,33,89,0
2026-05-05,AE07,482,98,207,79,51,16
2026-05-05,AE08,409,126,180,67,20,13
2026-05-05,AE09,508,197,237,65,20,29
2026-05-05,KAM01,394,90,86,26,182,20
2026-05-05,KAM02,364,97,86,32,97,34
2026-05-05,KAM03,320,109,34,43,90,22
2026-05-05,KAM04,439,120,57,56,165,32
2026-05-05,KAM05,333,108,63,34,108,42
2026-05-06,SDR01,387,175,151,11,28,18
2026-05-06,SDR02,474,212,141,30,68,0
2026-05-06,SDR03,470,147,100,7,204,35
2026-05-06,SDR04,390,211,101,6,62,41
2026-05-06,AE01,413,119,180,34,49,53
2026-05-06,AE02,461,163,157,44,108,0
2026-05-06,AE03,366,133,80,29,107,36
2026-05-06,AE04,456,80,252,46,71,0
2026-05-06,AE05,339,120,138,31,20,26
2026-05-06,AE06,514,169,150,84,72,28
2026-05-06,AE07,451,95,102,64,155,41
2026-05-06,AE08,411,151,183,41,20,38
2026-05-06,AE09,468,178,154,83,20,9
2026-05-06,KAM01,396,82,62,55,155,9
2026-05-06,KAM02,374,80,45,67,158,20
2026-05-06,KAM03,328,79,45,42,164,46
2026-05-06,KAM04,440,165,60,63,133,11
2026-05-06,KAM05,383,115,84,27,118,16
2026-05-07,SDR01,505,146,235,21,56,32
2026-05-07,SDR02,425,167,135,10,84,17
2026-05-07,SDR03,483,148,123,20,168,41
2026-05-07,SDR04,405,190,113,24,66,5
2026-05-07,AE01,453,183,130,37,90,35
2026-05-07,AE02,385,134,113,45,81,13
2026-05-07,AE03,441,101,145,35,127,4
2026-05-07,AE04,432,137,223,69,22,0
2026-05-07,AE05,464,104,134,34,147,7
2026-05-07,AE06,426,172,134,76,22,0
2026-05-07,AE07,453,124,169,40,76,18
2026-05-07,AE08,429,144,86,30,137,20
2026-05-07,AE09,487,189,206,71,20,53
2026-05-07,KAM01,348,101,65,28,143,30
2026-05-07,KAM02,437,111,42,33,217,0
2026-05-07,KAM03,273,49,28,43,155,40
2026-05-07,KAM04,479,152,80,85,128,37
2026-05-07,KAM05,366,115,79,63,63,44
2026-05-08,SDR01,463,146,188,19,83,38
2026-05-08,SDR02,420,199,146,31,20,22
2026-05-08,SDR03,390,125,94,25,94,32
2026-05-08,SDR04,353,144,141,23,28,0
2026-05-08,AE01,441,90,105,28,187,31
2026-05-08,AE02,410,124,180,43,47,22
2026-05-08,AE03,473,166,157,39,85,0
2026-05-08,AE04,386,70,128,56,117,8
2026-05-08,AE05,423,123,124,35,96,46
2026-05-08,AE06,404,135,111,45,99,17
2026-05-08,AE07,444,162,106,79,69,6
2026-05-08,AE08,394,96,156,31,82,15
2026-05-08,AE09,332,125,96,36,57,0
2026-05-08,KAM01,398,79,85,33,159,30
2026-05-08,KAM02,414,101,51,71,145,31
2026-05-08,KAM03,463,96,40,68,285,10
2026-05-08,KAM04,425,133,48,30,177,1
2026-05-08,KAM05,529,151,128,50,186,33
2026-05-11,SDR01,443,231,197,14,20,7
2026-05-11,SDR02,469,169,220,11,24,4
2026-05-11,SDR03,497,234,142,18,75,0
2026-05-11,SDR04,430,222,144,11,41,11
2026-05-11,AE01,414,164,159,62,20,51
2026-05-11,AE02,331,144,130,19,20,22
2026-05-11,AE03,429,156,99,56,94,12
2026-05-11,AE04,401,102,138,36,101,47
2026-05-11,AE05,489,174,144,44,97,10
2026-05-11,AE06,445,114,204,68,46,16
2026-05-11,AE07,519,106,149,59,183,52
2026-05-11,AE08,393,114,157,65,30,15
2026-05-11,AE09,462,132,160,80,43,56
2026-05-11,KAM01,435,94,53,35,205,25
2026-05-11,KAM02,422,143,101,67,67,39
2026-05-11,KAM03,383,130,69,48,84,58
2026-05-11,KAM04,403,103,62,36,164,21
2026-05-11,KAM05,400,72,103,26,182,17
2026-05-12,SDR01,315,101,94,11,68,8
2026-05-12,SDR02,484,263,172,36,20,21
2026-05-12,SDR03,338,182,142,25,20,22
2026-05-12,SDR04,516,180,232,30,62,41
2026-05-12,AE01,475,189,106,35,93,0
2026-05-12,AE02,427,136,104,42,160,0
2026-05-12,AE03,309,62,146,27,24,11
2026-05-12,AE04,374,139,123,61,34,0
2026-05-12,AE05,457,107,160,41,104,29
2026-05-12,AE06,389,151,172,66,20,43
2026-05-12,AE07,383,98,137,64,53,36
2026-05-12,AE08,382,130,121,57,52,0
2026-05-12,AE09,411,106,167,67,58,62
2026-05-12,KAM01,355,90,69,61,84,30
2026-05-12,KAM02,374,126,45,33,160,42
2026-05-12,KAM03,371,125,52,47,126,3
2026-05-12,KAM04,476,131,118,83,126,56
2026-05-12,KAM05,404,140,78,49,97,12
2026-05-13,SDR01,427,207,142,8,56,36
2026-05-13,SDR02,451,160,168,6,97,0
2026-05-13,SDR03,453,127,191,30,76,17
2026-05-13,SDR04,454,171,114,31,85,11
2026-05-13,AE01,454,97,132,48,141,0
2026-05-13,AE02,427,89,125,32,188,16
2026-05-13,AE03,507,104,154,38,169,58
2026-05-13,AE04,387,109,133,29,86,0
2026-05-13,AE05,469,94,96,32,227,0
2026-05-13,AE06,435,139,197,45,43,0
2026-05-13,AE07,435,127,208,58,20,0
2026-05-13,AE08,487,124,144,77,97,27
2026-05-13,AE09,394,83,98,42,145,2
2026-05-13,KAM01,518,192,62,69,185,25
2026-05-13,KAM02,386,71,92,58,151,33
2026-05-13,KAM03,398,63,63,79,213,25
2026-05-13,KAM04,413,82,39,46,203,5
2026-05-13,KAM05,399,110,57,61,133,8
2026-05-14,SDR01,492,236,156,6,76,0
2026-05-14,SDR02,365,147,116,13,38,33
2026-05-14,SDR03,429,126,119,24,142,18
2026-05-14,SDR04,469,153,164,13,89,48
2026-05-14,AE01,435,166,208,56,20,12
2026-05-14,AE02,356,159,124,56,20,37
2026-05-14,AE03,404,125,118,39,70,0
2026-05-14,AE04,512,174,205,43,85,18
2026-05-14,AE05,397,126,143,45,52,0
2026-05-14,AE06,369,103,126,28,81,0
2026-05-14,AE07,391,162,147,25,21,26
2026-05-14,AE08,356,103,97,45,94,46
2026-05-14,AE09,468,160,94,57,108,62
2026-05-14,KAM01,313,113,53,35,84,20
2026-05-14,KAM02,375,129,67,62,101,42
2026-05-14,KAM03,385,58,52,53,217,17
2026-05-14,KAM04,447,107,82,50,166,21
2026-05-14,KAM05,380,158,87,43,53,18
2026-05-15,SDR01,445,175,159,18,74,0
2026-05-15,SDR02,447,191,213,30,20,29
2026-05-15,SDR03,411,209,114,5,55,34
2026-05-15,SDR04,380,129,132,8,67,0
2026-05-15,AE01,422,177,112,38,74,15
2026-05-15,AE02,374,93,147,31,64,21
2026-05-15,AE03,423,108,165,48,91,0
2026-05-15,AE04,474,106,185,48,150,18
2026-05-15,AE05,409,127,166,35,44,34
2026-05-15,AE06,438,168,119,53,75,0
2026-05-15,AE07,503,108,223,89,68,14
2026-05-15,AE08,422,81,178,53,59,0
2026-05-15,AE09,396,113,173,32,39,38
2026-05-15,KAM01,428,103,40,60,174,8
2026-05-15,KAM02,460,135,72,78,136,10
2026-05-15,KAM03,478,91,102,87,181,23
2026-05-15,KAM04,398,105,37,39,171,29
2026-05-15,KAM05,365,122,80,51,97,10
2026-05-18,SDR01,322,107,144,23,20,19
2026-05-18,SDR02,417,197,141,13,20,40
2026-05-18,SDR03,525,227,141,34,110,4
2026-05-18,SDR04,444,187,190,16,20,22
2026-05-18,AE01,424,123,132,52,95,41
2026-05-18,AE02,421,89,169,72,57,22
2026-05-18,AE03,350,63,82,62,129,31
2026-05-18,AE04,416,119,102,33,136,19
2026-05-18,AE05,460,150,208,57,28,19
2026-05-18,AE06,416,155,144,33,37,24
2026-05-18,AE07,454,172,152,33,80,13
2026-05-18,AE08,460,134,194,54,25,4
2026-05-18,AE09,385,96,156,46,77,22
2026-05-18,KAM01,424,147,60,52,124,19
2026-05-18,KAM02,450,169,45,51,134,20
2026-05-18,KAM03,365,100,93,45,126,26
2026-05-18,KAM04,322,114,43,54,91,13
2026-05-18,KAM05,381,115,39,47,167,13
2026-05-19,SDR01,449,170,168,24,58,4
2026-05-19,SDR02,344,116,143,26,20,34
2026-05-19,SDR03,491,262,125,26,44,27
2026-05-19,SDR04,512,240,135,25,72,19
2026-05-19,AE01,370,87,81,29,163,22
2026-05-19,AE02,341,71,135,51,45,50
2026-05-19,AE03,483,92,165,29,181,0
2026-05-19,AE04,430,72,132,61,149,5
2026-05-19,AE05,400,136,115,67,47,42
2026-05-19,AE06,473,173,158,76,24,0
2026-05-19,AE07,372,123,140,49,34,21
2026-05-19,AE08,423,143,133,29,76,17
2026-05-19,AE09,439,95,174,41,114,15
2026-05-19,KAM01,379,109,56,60,108,63
2026-05-19,KAM02,405,160,67,46,89,11
2026-05-19,KAM03,382,94,68,39,141,23
2026-05-19,KAM04,370,101,85,30,144,37
2026-05-19,KAM05,454,169,42,42,180,20
2026-05-20,SDR01,450,157,93,13,143,0
2026-05-20,SDR02,440,236,176,13,20,17
2026-05-20,SDR03,394,117,159,25,46,19
2026-05-20,SDR04,357,128,132,15,68,5
2026-05-20,AE01,405,131,110,72,43,0
2026-05-20,AE02,331,112,106,45,69,0
2026-05-20,AE03,406,111,168,37,58,5
2026-05-20,AE04,497,83,139,69,193,2
2026-05-20,AE05,390,120,113,46,69,11
2026-05-20,AE06,446,186,211,58,20,42
2026-05-20,AE07,388,92,173,31,77,22
2026-05-20,AE08,417,128,156,46,48,30
2026-05-20,AE09,437,162,143,73,40,53
2026-05-20,KAM01,520,110,117,67,187,7
2026-05-20,KAM02,436,150,110,55,103,26
2026-05-20,KAM03,424,116,56,75,160,40
2026-05-20,KAM04,452,82,79,78,197,37
2026-05-20,KAM05,376,76,36,31,186,35
2026-05-21,SDR01,415,224,131,14,30,6
2026-05-21,SDR02,431,201,152,13,27,12
2026-05-21,SDR03,474,209,210,25,20,31
2026-05-21,SDR04,453,236,121,6,48,25
2026-05-21,AE01,319,102,130,46,28,24
2026-05-21,AE02,348,97,84,62,79,43
2026-05-21,AE03,377,100,112,49,98,35
2026-05-21,AE04,400,129,95,27,130,5
2026-05-21,AE05,357,126,82,25,94,54
2026-05-21,AE06,398,159,121,24,58,14
2026-05-21,AE07,398,112,109,46,79,21
2026-05-21,AE08,441,163,109,73,67,14
2026-05-21,AE09,436,133,190,55,20,0
2026-05-21,KAM01,394,113,84,47,131,35
2026-05-21,KAM02,385,147,81,59,50,42
2026-05-21,KAM03,374,113,58,36,154,43
2026-05-21,KAM04,394,107,56,58,133,29
2026-05-21,KAM05,468,118,50,29,239,20
2026-05-22,SDR01,450,251,142,29,20,37
2026-05-22,SDR02,388,151,184,20,20,24
2026-05-22,SDR03,376,199,177,29,20,0
2026-05-22,SDR04,456,147,105,31,149,31
2026-05-22,AE01,419,160,200,28,20,1
2026-05-22,AE02,408,151,160,71,20,48
2026-05-22,AE03,423,163,101,50,65,53
2026-05-22,AE04,492,138,149,50,141,19
2026-05-22,AE05,460,159,219,53,20,16
2026-05-22,AE06,441,121,184,70,20,0
2026-05-22,AE07,454,127,118,75,105,5
2026-05-22,AE08,390,140,121,50,64,5
2026-05-22,AE09,486,190,210,68,20,35
2026-05-22,KAM01,393,137,45,58,104,32
2026-05-22,KAM02,374,122,49,46,112,5
2026-05-22,KAM03,380,110,45,61,161,0
2026-05-22,KAM04,425,104,67,56,177,44
2026-05-22,KAM05,424,87,107,28,181,21
2026-05-25,SDR01,419,137,147,31,52,18
2026-05-25,SDR02,390,134,123,6,106,0
2026-05-25,SDR03,397,157,186,30,20,37
2026-05-25,SDR04,451,143,127,10,117,2
2026-05-25,AE01,415,171,109,35,61,29
2026-05-25,AE02,347,135,104,29,46,28
2026-05-25,AE03,416,100,197,67,20,8
2026-05-25,AE04,421,82,136,37,156,20
2026-05-25,AE05,450,110,172,45,87,45
2026-05-25,AE06,425,128,113,54,109,20
2026-05-25,AE07,428,98,188,51,42,26
2026-05-25,AE08,396,99,151,34,66,18
2026-05-25,AE09,533,103,175,41,166,14
2026-05-25,KAM01,373,119,41,28,168,39
2026-05-25,KAM02,428,94,75,40,189,41
2026-05-25,KAM03,320,75,57,40,107,40
2026-05-25,KAM04,419,159,42,30,173,11
2026-05-25,KAM05,338,134,57,23,96,12
2026-05-26,SDR01,441,193,108,22,64,32
2026-05-26,SDR02,448,250,214,23,20,7
2026-05-26,SDR03,429,208,97,12,100,6
2026-05-26,SDR04,306,105,138,23,20,27
2026-05-26,AE01,457,178,154,51,54,7
2026-05-26,AE02,368,172,145,50,20,28
2026-05-26,AE03,427,109,180,59,60,33
2026-05-26,AE04,386,86,151,39,126,0
2026-05-26,AE05,321,59,116,49,86,0
2026-05-26,AE06,334,64,104,23,91,54
2026-05-26,AE07,484,200,192,68,20,32
2026-05-26,AE08,395,132,116,46,81,0
2026-05-26,AE09,434,134,130,46,83,6
2026-05-26,KAM01,344,109,33,28,144,0
2026-05-26,KAM02,360,138,78,46,72,0
2026-05-26,KAM03,459,160,38,40,181,15
2026-05-26,KAM04,335,94,65,21,111,43
2026-05-26,KAM05,356,147,52,59,65,30
2026-05-27,SDR01,415,140,183,29,49,29
2026-05-27,SDR02,405,134,177,22,51,25
2026-05-27,SDR03,391,119,114,27,110,6
2026-05-27,SDR04,469,239,165,14,20,44
2026-05-27,AE01,456,109,137,72,117,0
2026-05-27,AE02,407,194,184,73,20,43
2026-05-27,AE03,393,87,150,23,106,0
2026-05-27,AE04,466,93,184,69,94,0
2026-05-27,AE05,415,158,100,53,61,2
2026-05-27,AE06,374,141,84,23,115,30
2026-05-27,AE07,311,101,140,54,20,0
2026-05-27,AE08,420,149,125,75,24,0
2026-05-27,AE09,428,107,171,58,46,27
2026-05-27,KAM01,426,99,64,52,190,16
2026-05-27,KAM02,431,174,83,64,86,77
2026-05-27,KAM03,404,68,41,63,221,43
2026-05-27,KAM04,390,126,67,35,143,43
2026-05-27,KAM05,414,133,52,25,166,25
2026-05-28,SDR01,356,101,85,24,136,15
2026-05-28,SDR02,453,208,120,24,63,10
2026-05-28,SDR03,438,202,197,12,20,0
2026-05-28,SDR04,459,255,105,26,42,41
2026-05-28,AE01,403,90,153,33,97,17
2026-05-28,AE02,413,193,124,71,20,36
2026-05-28,AE03,417,125,168,50,34,0
2026-05-28,AE04,418,74,164,66,129,18
2026-05-28,AE05,485,153,226,51,42,8
2026-05-28,AE06,408,89,120,51,100,18
2026-05-28,AE07,473,100,99,50,197,68
2026-05-28,AE08,382,117,87,23,127,24
2026-05-28,AE09,476,92,158,47,165,13
2026-05-28,KAM01,351,82,35,49,146,18
2026-05-28,KAM02,369,123,90,23,121,22
2026-05-28,KAM03,381,131,52,29,125,50
2026-05-28,KAM04,367,105,74,51,102,13
2026-05-28,KAM05,387,141,86,32,114,0
2026-05-29,SDR01,519,211,113,26,147,0
2026-05-29,SDR02,328,124,116,11,65,22
2026-05-29,SDR03,436,146,168,6,73,30
2026-05-29,SDR04,440,153,102,15,141,40
2026-05-29,AE01,390,81,181,53,30,4
2026-05-29,AE02,426,95,134,35,170,12
2026-05-29,AE03,507,148,110,85,123,26
2026-05-29,AE04,469,147,177,67,79,23
2026-05-29,AE05,495,127,101,54,159,30
2026-05-29,AE06,400,142,110,25,88,14
2026-05-29,AE07,432,147,190,54,20,26
2026-05-29,AE08,350,118,106,33,57,40
2026-05-29,AE09,426,104,168,58,67,2
2026-05-29,KAM01,355,66,39,38,172,13
2026-05-29,KAM02,349,128,81,25,78,16
2026-05-29,KAM03,383,73,53,51,193,23
2026-05-29,KAM04,485,148,80,36,186,20
2026-05-29,KAM05,430,119,111,74,104,5
2026-06-01,SDR01,410,131,129,17,119,28
2026-06-01,SDR02,386,143,163,18,43,22
2026-06-01,SDR03,380,212,85,15,47,12
2026-06-01,SDR04,444,148,149,23,96,10
2026-06-01,AE01,501,171,216,42,43,2
2026-06-01,AE02,434,142,171,47,72,6
2026-06-01,AE03,449,136,90,35,178,10
2026-06-01,AE04,403,146,175,71,22,17
2026-06-01,AE05,369,120,131,57,50,33
2026-06-01,AE06,457,93,143,47,131,4
2026-06-01,AE07,419,162,91,59,53,7
2026-06-01,AE08,439,169,111,63,53,25
2026-06-01,AE09,427,77,158,47,106,0
2026-06-01,KAM01,484,180,119,63,75,26
2026-06-01,KAM02,419,142,88,28,133,2
2026-06-01,KAM03,439,139,39,54,161,14
2026-06-01,KAM04,392,72,67,25,213,26
2026-06-01,KAM05,343,128,33,54,116,24
2026-06-02,SDR01,431,135,92,14,156,0
2026-06-02,SDR02,441,187,187,24,32,0
2026-06-02,SDR03,443,160,187,30,46,45
2026-06-02,SDR04,424,228,144,24,20,21
2026-06-02,AE01,433,139,134,32,93,36
2026-06-02,AE02,412,88,93,47,184,0
2026-06-02,AE03,465,108,171,62,72,27
2026-06-02,AE04,481,96,224,44,124,40
2026-06-02,AE05,419,105,90,36,138,9
2026-06-02,AE06,375,138,158,48,21,9
2026-06-02,AE07,460,127,103,39,178,0
2026-06-02,AE08,416,140,125,64,42,33
2026-06-02,AE09,385,74,83,56,152,10
2026-06-02,KAM01,371,69,79,58,128,29
2026-06-02,KAM02,407,156,78,29,102,38
2026-06-02,KAM03,344,90,65,32,133,21
2026-06-02,KAM04,446,126,99,44,155,48
2026-06-02,KAM05,450,140,98,53,127,0
2026-06-03,SDR01,403,143,151,26,55,14
2026-06-03,SDR02,458,156,99,5,184,0
2026-06-03,SDR03,362,123,154,11,22,16
2026-06-03,SDR04,418,152,195,13,42,0
2026-06-03,AE01,463,185,157,66,20,13
2026-06-03,AE02,321,138,66,37,61,12
2026-06-03,AE03,399,120,165,27,66,9
2026-06-03,AE04,377,77,94,52,159,44
2026-06-03,AE05,457,103,108,48,157,19
2026-06-03,AE06,399,161,97,31,85,34
2026-06-03,AE07,419,117,93,51,135,4
2026-06-03,AE08,436,120,170,34,90,22
2026-06-03,AE09,393,142,85,50,82,18
2026-06-03,KAM01,364,127,66,45,90,10
2026-06-03,KAM02,358,120,72,35,115,17
2026-06-03,KAM03,342,108,80,47,64,45
2026-06-03,KAM04,378,73,92,50,149,16
2026-06-03,KAM05,306,71,32,19,134,22
2026-06-04,SDR01,400,128,158,27,65,34
2026-06-04,SDR02,402,171,118,15,58,11
2026-06-04,SDR03,440,148,123,16,132,0
2026-06-04,SDR04,511,233,195,30,20,3
2026-06-04,AE01,474,90,100,38,199,16
2026-06-04,AE02,402,136,181,35,20,30
2026-06-04,AE03,505,174,193,68,55,9
2026-06-04,AE04,471,95,177,44,167,40
2026-06-04,AE05,496,142,184,31,92,19
2026-06-04,AE06,512,175,185,44,80,3
2026-06-04,AE07,477,159,208,30,55,19
2026-06-04,AE08,427,125,169,28,54,40
2026-06-04,AE09,402,103,88,50,137,16
2026-06-04,KAM01,434,83,41,31,266,22
2026-06-04,KAM02,434,120,69,30,204,5
2026-06-04,KAM03,399,118,86,68,101,4
2026-06-04,KAM04,320,96,49,39,92,27
2026-06-04,KAM05,346,71,58,39,165,39
2026-06-05,SDR01,464,192,111,8,120,16
2026-06-05,SDR02,281,121,108,9,20,19
2026-06-05,SDR03,367,127,132,5,54,18
2026-06-05,SDR04,419,183,191,5,20,12
2026-06-05,AE01,415,82,128,66,123,14
2026-06-05,AE02,371,93,145,51,59,7
2026-06-05,AE03,397,107,98,34,105,0
2026-06-05,AE04,432,106,128,61,132,3
2026-06-05,AE05,434,81,136,48,150,25
2026-06-05,AE06,442,164,106,29,111,0
2026-06-05,AE07,478,162,98,37,139,17
2026-06-05,AE08,502,96,175,70,124,29
2026-06-05,AE09,529,176,227,86,20,22
2026-06-05,KAM01,381,124,63,65,105,18
2026-06-05,KAM02,392,95,57,42,160,45
2026-06-05,KAM03,324,94,29,53,130,8
2026-06-05,KAM04,428,82,57,55,200,15
2026-06-05,KAM05,449,138,77,39,169,33
2026-06-08,SDR01,418,201,155,6,38,1
2026-06-08,SDR02,387,132,92,28,114,26
2026-06-08,SDR03,383,111,81,5,154,7
2026-06-08,SDR04,406,158,115,7,94,20
2026-06-08,AE01,398,109,147,25,106,28
2026-06-08,AE02,408,101,154,36,96,0
2026-06-08,AE03,439,175,152,70,31,34
2026-06-08,AE04,428,117,224,34,28,27
2026-06-08,AE05,386,88,108,44,133,41
2026-06-08,AE06,410,148,118,42,59,34
2026-06-08,AE07,462,139,102,49,158,29
2026-06-08,AE08,425,172,150,43,24,44
2026-06-08,AE09,482,135,103,76,126,25
2026-06-08,KAM01,353,114,41,27,121,0
2026-06-08,KAM02,438,136,65,46,140,44
2026-06-08,KAM03,442,96,75,48,189,41
2026-06-08,KAM04,432,102,103,73,112,49
2026-06-08,KAM05,421,90,47,35,198,19
2026-06-09,SDR01,426,236,105,7,27,52
2026-06-09,SDR02,482,221,122,17,82,0
2026-06-09,SDR03,424,201,199,26,20,0
2026-06-09,SDR04,458,198,216,19,20,11
2026-06-09,AE01,438,146,92,57,96,0
2026-06-09,AE02,404,110,79,70,143,20
2026-06-09,AE03,432,90,151,41,139,29
2026-06-09,AE04,508,193,233,31,56,11
2026-06-09,AE05,439,181,158,26,22,0
2026-06-09,AE06,381,80,134,67,48,2
2026-06-09,AE07,406,76,97,66,116,9
2026-06-09,AE08,449,99,153,43,130,0
2026-06-09,AE09,515,152,134,53,165,15
2026-06-09,KAM01,397,93,36,37,207,0
2026-06-09,KAM02,401,111,63,62,120,47
2026-06-09,KAM03,431,66,48,42,257,56
2026-06-09,KAM04,456,150,97,75,98,38
2026-06-09,KAM05,404,86,40,43,211,20
2026-06-10,SDR01,394,143,103,24,81,0
2026-06-10,SDR02,467,200,146,28,39,41
2026-06-10,SDR03,540,274,184,22,35,23
2026-06-10,SDR04,345,121,121,9,63,6
2026-06-10,AE01,457,151,139,75,48,0
2026-06-10,AE02,433,172,96,35,121,31
2026-06-10,AE03,505,164,200,42,73,24
2026-06-10,AE04,416,141,232,65,22,13
2026-06-10,AE05,421,106,94,54,142,57
2026-06-10,AE06,402,125,117,70,61,28
2026-06-10,AE07,443,173,114,78,25,29
2026-06-10,AE08,414,159,95,34,91,8
2026-06-10,AE09,393,164,111,50,45,26
2026-06-10,KAM01,373,79,91,42,122,28
2026-06-10,KAM02,408,120,94,68,103,35
2026-06-10,KAM03,418,135,49,47,161,27
2026-06-10,KAM04,412,159,89,30,85,0
2026-06-10,KAM05,393,144,48,32,123,25
2026-06-11,SDR01,388,124,129,9,116,26
2026-06-11,SDR02,414,189,135,25,24,10
2026-06-11,SDR03,476,266,136,15,20,17
2026-06-11,SDR04,531,160,235,35,53,0
2026-06-11,AE01,420,120,198,37,39,7
2026-06-11,AE02,457,118,187,57,95,33
2026-06-11,AE03,362,95,126,53,43,1
2026-06-11,AE04,418,123,134,55,107,22
2026-06-11,AE05,456,120,112,81,115,37
2026-06-11,AE06,415,88,189,66,34,0
2026-06-11,AE07,466,94,133,60,152,0
2026-06-11,AE08,511,102,234,36,105,33
2026-06-11,AE09,426,87,188,69,55,38
2026-06-11,KAM01,371,95,56,33,134,39
2026-06-11,KAM02,501,112,118,32,193,9
2026-06-11,KAM03,408,122,77,65,127,64
2026-06-11,KAM04,365,139,91,43,71,36
2026-06-11,KAM05,426,130,52,36,154,37
2026-06-12,SDR01,400,121,95,16,148,0
2026-06-12,SDR02,452,232,186,33,20,2
2026-06-12,SDR03,481,217,176,24,20,30
2026-06-12,SDR04,385,116,127,5,114,19
2026-06-12,AE01,401,87,186,67,49,21
2026-06-12,AE02,445,189,167,45,20,38
2026-06-12,AE03,388,81,154,50,65,16
2026-06-12,AE04,477,137,248,32,45,13
2026-06-12,AE05,418,134,103,46,104,49
2026-06-12,AE06,391,82,108,46,113,8
2026-06-12,AE07,367,149,98,46,56,21
2026-06-12,AE08,386,121,167,23,33,9
2026-06-12,AE09,361,116,125,34,67,19
2026-06-12,KAM01,390,128,60,68,85,12
2026-06-12,KAM02,334,104,67,39,71,34
2026-06-12,KAM03,423,150,42,41,164,31
2026-06-12,KAM04,346,106,89,25,91,14
2026-06-12,KAM05,436,170,95,52,97,16
2026-06-15,SDR01,442,198,133,22,57,44
2026-06-15,SDR02,397,183,170,28,20,18
2026-06-15,SDR03,415,140,154,5,65,62
2026-06-15,SDR04,398,121,157,24,43,29
2026-06-15,AE01,479,175,206,51,20,38
2026-06-15,AE02,423,192,175,25,20,0
2026-06-15,AE03,407,150,137,62,28,35
2026-06-15,AE04,404,123,155,52,55,38
2026-06-15,AE05,383,114,148,52,44,18
2026-06-15,AE06,466,132,161,78,45,68
2026-06-15,AE07,360,92,100,62,54,12
2026-06-15,AE08,486,133,179,68,81,15
2026-06-15,AE09,385,154,167,49,20,10
2026-06-15,KAM01,389,148,38,53,123,0
2026-06-15,KAM02,465,101,77,44,196,17
2026-06-15,KAM03,449,78,79,70,232,35
2026-06-15,KAM04,378,123,36,33,141,9
2026-06-15,KAM05,360,81,62,40,162,6
2026-06-16,SDR01,390,217,180,8,20,14
2026-06-16,SDR02,364,197,167,6,20,45
2026-06-16,SDR03,372,153,141,28,20,41
2026-06-16,SDR04,433,173,135,21,64,14
2026-06-16,AE01,369,91,136,43,69,19
2026-06-16,AE02,364,110,81,39,105,0
2026-06-16,AE03,460,114,182,53,87,13
2026-06-16,AE04,376,135,156,64,22,24
2026-06-16,AE05,505,116,140,58,154,25
2026-06-16,AE06,364,101,107,55,86,45
2026-06-16,AE07,507,156,195,30,104,41
2026-06-16,AE08,344,118,89,25,63,39
2026-06-16,AE09,446,156,206,28,22,15
2026-06-16,KAM01,397,139,47,48,125,9
2026-06-16,KAM02,405,164,62,60,67,5
2026-06-16,KAM03,457,114,92,79,132,8
2026-06-16,KAM04,357,132,43,39,130,36
2026-06-16,KAM05,404,142,91,61,84,12
2026-06-17,SDR01,447,154,195,9,70,0
2026-06-17,SDR02,457,192,128,26,101,18
2026-06-17,SDR03,457,133,161,5,128,20
2026-06-17,SDR04,368,126,132,19,57,29
2026-06-17,AE01,492,128,177,39,96,0
2026-06-17,AE02,397,150,141,37,38,8
2026-06-17,AE03,342,97,106,36,72,8
2026-06-17,AE04,540,125,303,61,77,21
2026-06-17,AE05,398,159,117,47,59,0
2026-06-17,AE06,408,78,183,56,59,0
2026-06-17,AE07,405,164,126,38,57,0
2026-06-17,AE08,487,145,156,43,111,17
2026-06-17,AE09,446,144,178,65,34,26
2026-06-17,KAM01,423,146,53,50,142,33
2026-06-17,KAM02,358,118,41,37,144,29
2026-06-17,KAM03,413,130,97,78,62,28
2026-06-17,KAM04,398,164,42,40,102,0
2026-06-17,KAM05,356,65,68,51,160,2
2026-06-18,SDR01,464,227,141,30,37,24
2026-06-18,SDR02,419,139,87,21,147,26
2026-06-18,SDR03,502,243,161,34,39,11
2026-06-18,SDR04,406,221,133,23,20,17
2026-06-18,AE01,404,83,88,28,174,37
2026-06-18,AE02,345,110,66,40,117,44
2026-06-18,AE03,327,91,152,50,20,24
2026-06-18,AE04,365,78,202,45,51,12
2026-06-18,AE05,459,178,200,76,20,5
2026-06-18,AE06,419,79,126,53,123,21
2026-06-18,AE07,475,136,165,32,108,20
2026-06-18,AE08,441,120,167,48,79,37
2026-06-18,AE09,482,103,223,45,76,28
2026-06-18,KAM01,446,164,72,70,103,4
2026-06-18,KAM02,335,74,46,33,142,0
2026-06-18,KAM03,374,64,66,45,194,44
2026-06-18,KAM04,345,136,54,55,56,25
2026-06-18,KAM05,349,112,38,57,100,34
2026-06-19,SDR01,447,170,169,7,69,4
2026-06-19,SDR02,386,114,180,21,28,0
2026-06-19,SDR03,479,207,116,34,103,24
2026-06-19,SDR04,475,155,194,32,70,10
2026-06-19,AE01,412,154,161,40,20,35
2026-06-19,AE02,449,122,191,44,97,9
2026-06-19,AE03,471,115,149,77,91,0
2026-06-19,AE04,450,117,204,61,83,24
2026-06-19,AE05,394,132,83,24,141,5
2026-06-19,AE06,483,202,221,42,20,33
2026-06-19,AE07,343,134,127,21,46,29
2026-06-19,AE08,521,103,222,44,117,30
2026-06-19,AE09,451,103,102,71,151,14
2026-06-19,KAM01,418,80,62,65,165,32
2026-06-19,KAM02,425,147,69,76,117,8
2026-06-19,KAM03,421,70,47,50,277,20
2026-06-19,KAM04,417,92,81,65,137,16
2026-06-19,KAM05,378,96,31,47,169,33
2026-06-22,SDR01,365,114,132,20,53,27
2026-06-22,SDR02,463,137,175,20,119,10
2026-06-22,SDR03,423,198,178,5,20,55
2026-06-22,SDR04,418,207,105,24,56,6
2026-06-22,AE01,439,123,146,60,99,7
2026-06-22,AE02,362,85,141,64,59,52
2026-06-22,AE03,398,84,154,60,88,0
2026-06-22,AE04,405,74,182,41,106,26
2026-06-22,AE05,370,85,82,61,127,24
2026-06-22,AE06,376,87,106,56,91,0
2026-06-22,AE07,473,188,183,42,29,0
2026-06-22,AE08,359,124,109,28,63,17
2026-06-22,AE09,441,145,111,64,101,15
2026-06-22,KAM01,383,104,83,33,146,4
2026-06-22,KAM02,378,143,86,66,59,27
2026-06-22,KAM03,368,130,70,56,87,15
2026-06-22,KAM04,364,145,72,36,77,36
2026-06-22,KAM05,326,130,52,34,63,35
2026-06-23,SDR01,463,146,219,22,41,13
2026-06-23,SDR02,384,135,177,25,20,38
2026-06-23,SDR03,373,201,177,10,20,29
2026-06-23,SDR04,467,134,219,22,70,19
2026-06-23,AE01,422,145,138,59,60,36
2026-06-23,AE02,418,147,151,69,47,12
2026-06-23,AE03,403,156,123,34,48,34
2026-06-23,AE04,539,132,146,56,216,0
2026-06-23,AE05,450,178,97,35,115,0
2026-06-23,AE06,432,174,159,47,25,15
2026-06-23,AE07,449,166,176,79,20,34
2026-06-23,AE08,444,151,117,40,115,11
2026-06-23,AE09,385,153,142,35,20,10
2026-06-23,KAM01,383,82,64,56,158,10
2026-06-23,KAM02,340,104,72,57,87,33
2026-06-23,KAM03,406,92,40,52,232,15
2026-06-23,KAM04,446,108,57,77,192,13
2026-06-23,KAM05,418,95,93,50,166,39
2026-06-24,SDR01,406,191,157,20,20,43
2026-06-24,SDR02,480,202,202,32,20,30
2026-06-24,SDR03,508,189,191,40,43,23
2026-06-24,SDR04,419,225,155,12,20,22
2026-06-24,AE01,434,182,153,57,20,0
2026-06-24,AE02,437,112,97,32,174,6
2026-06-24,AE03,414,172,163,36,20,46
2026-06-24,AE04,480,131,116,30,209,9
2026-06-24,AE05,445,82,179,33,127,0
2026-06-24,AE06,438,158,169,62,20,0
2026-06-24,AE07,329,111,156,48,20,37
2026-06-24,AE08,424,172,149,39,20,4
2026-06-24,AE09,477,147,112,59,108,25
2026-06-24,KAM01,446,121,71,67,152,27
2026-06-24,KAM02,444,171,92,62,65,12
2026-06-24,KAM03,404,124,89,32,148,22
2026-06-24,KAM04,323,112,40,55,74,29
2026-06-24,KAM05,431,101,75,35,170,10
2026-06-25,SDR01,420,205,168,30,20,7
2026-06-25,SDR02,431,220,206,11,20,9
2026-06-25,SDR03,447,184,95,20,117,3
2026-06-25,SDR04,386,122,128,7,119,0
2026-06-25,AE01,435,170,171,32,42,52
2026-06-25,AE02,412,183,120,40,53,49
2026-06-25,AE03,409,154,173,70,20,38
2026-06-25,AE04,384,104,95,68,95,24
2026-06-25,AE05,467,170,154,37,83,20
2026-06-25,AE06,358,111,167,23,34,23
2026-06-25,AE07,369,111,151,65,23,24
2026-06-25,AE08,507,181,136,41,121,21
2026-06-25,AE09,398,124,168,65,20,0
2026-06-25,KAM01,379,103,36,36,193,28
2026-06-25,KAM02,327,100,63,22,122,26
2026-06-25,KAM03,325,61,67,24,132,18
2026-06-25,KAM04,403,138,97,69,81,25
2026-06-25,KAM05,402,119,66,70,105,0
2026-06-26,SDR01,448,142,186,8,96,6
2026-06-26,SDR02,420,168,197,19,20,54
2026-06-26,SDR03,481,219,96,14,113,55
2026-06-26,SDR04,415,127,118,20,138,37
2026-06-26,AE01,331,74,118,55,46,10
2026-06-26,AE02,433,117,185,74,21,30
2026-06-26,AE03,415,140,159,71,29,17
2026-06-26,AE04,438,128,226,43,25,34
2026-06-26,AE05,428,142,194,28,34,6
2026-06-26,AE06,380,109,134,60,53,54
2026-06-26,AE07,422,175,130,72,20,37
2026-06-26,AE08,472,190,158,54,27,0
2026-06-26,AE09,317,79,63,48,86,0
2026-06-26,KAM01,396,114,61,35,137,0
2026-06-26,KAM02,446,121,43,46,212,23
2026-06-26,KAM03,355,103,56,52,142,30
2026-06-26,KAM04,304,93,47,21,97,19
2026-06-26,KAM05,427,167,63,64,105,41
2026-06-29,SDR01,468,225,141,35,23,0
2026-06-29,SDR02,354,107,123,11,79,0
2026-06-29,SDR03,478,236,169,24,20,0
2026-06-29,SDR04,427,217,149,6,20,7
2026-06-29,AE01,415,102,111,55,109,13
2026-06-29,AE02,428,194,124,34,57,2
2026-06-29,AE03,407,164,131,35,64,28
2026-06-29,AE04,499,130,154,79,108,7
2026-06-29,AE05,468,151,123,37,137,69
2026-06-29,AE06,478,107,124,59,178,15
2026-06-29,AE07,475,150,133,68,114,36
2026-06-29,AE08,392,91,131,30,88,0
2026-06-29,AE09,426,173,105,35,100,22
2026-06-29,KAM01,374,75,76,42,147,34
2026-06-29,KAM02,382,93,62,30,153,36
2026-06-29,KAM03,428,89,63,74,189,27
2026-06-29,KAM04,387,93,80,27,172,51
2026-06-29,KAM05,448,179,89,33,117,32
2026-06-30,SDR01,373,170,104,17,49,0
2026-06-30,SDR02,388,216,172,10,20,16
2026-06-30,SDR03,303,98,102,22,41,18
2026-06-30,SDR04,377,177,148,17,20,12
2026-06-30,AE01,516,122,240,44,100,33
2026-06-30,AE02,274,65,60,29,109,42
2026-06-30,AE03,392,113,186,49,20,10
2026-06-30,AE04,408,142,195,32,22,43
2026-06-30,AE05,488,174,193,59,47,0
2026-06-30,AE06,467,186,160,58,24,73
2026-06-30,AE07,429,167,163,50,20,0
2026-06-30,AE08,423,159,114,30,77,42
2026-06-30,AE09,373,75,165,31,69,46
2026-06-30,KAM01,383,91,66,52,160,24
2026-06-30,KAM02,519,120,105,77,182,28
2026-06-30,KAM03,377,126,37,47,121,19
2026-06-30,KAM04,380,159,66,30,88,30
2026-06-30,KAM05,457,99,83,41,196,22
